Alabama,80.7,17.3,0.5,0.6,1.7
Alabama,88.4,9.9,0.5,0.4,2.3
Alabama,52.2,46.8,0.4,0.3,3.1
Alabama,76.8,22.5,0.3,0.1,1.4
Alabama,97.1,1.5,0.5,0.2,6.3
Alabama,27.8,71.4,0.4,0.2,5.9
Alabama,57.5,41.9,0.2,0.3,0.9
Alabama,78.3,19.7,0.4,0.8,2
Alabama,60.8,38.6,0.1,0.2,1.2
Alabama,93.3,5.5,0.3,0.3,1.1
Alabama,88.3,10.5,0.3,0.4,3.7
Alabama,55.7,43.9,0.1,0.1,0.8
Alabama,55.8,43.7,0.2,0.2,0.7
Alabama,84.2,15,0.3,0.1,2.1
Alabama,95.3,3.8,0.3,0.2,1.8
Alabama,77.9,18.5,0.9,1.2,3.2
Alabama,81.9,16.7,0.4,0.3,1.3
Alabama,55.3,44.1,0.2,0.1,0.9
Alabama,67.6,31.6,0.3,0.1,1.5
Alabama,86.1,12.6,0.5,0.3,0.9
Alabama,74.6,24.6,0.4,0.1,0.8
Alabama,97.3,1.2,0.4,0.3,3.1
Alabama,75.5,20.9,0.5,1.3,3.2
Alabama,32.4,66.9,0.1,0.3,0.6
Alabama,96,1.8,0.8,0.3,8.8
Alabama,77.3,20.7,0.4,0.5,1.7
Alabama,64.3,31.7,2.9,0.3,1
Alabama,83.8,14.6,0.3,0.5,2.4
Alabama,87.4,11.8,0.2,0.3,0.9
Alabama,94.1,4.2,0.4,0.6,10.7
Alabama,87.8,10.8,0.7,0.2,2
Alabama,19.9,79.7,0.1,0.2,0.7
Alabama,40.3,59.2,0.1,0.2,0.9
Alabama,67.6,31.7,0.2,0,2.1
Alabama,72.2,25.9,0.4,0.7,1.6
Alabama,92.6,3.8,1.6,0.3,1.6
Alabama,56.8,41.2,0.2,1.1,2.3
Alabama,88.1,11.4,0.2,0.1,1.5
Alabama,88.9,9.7,0.3,0.4,1.2
Alabama,79.5,12.1,5.4,0.1,1.4
Alabama,74.1,23,0.2,1.8,1.6
Alabama,85.1,13.2,0.5,0.5,3.3
Alabama,27.9,71.7,0.1,0.1,0.8
Alabama,15.7,82.8,0.1,0.9,1
Alabama,71.7,23.5,0.8,2.1,2.2
Alabama,47.1,52.2,0.1,0.3,1.8
Alabama,95,3.9,0.3,0.2,1.5
Alabama,96.6,1.6,0.5,0.4,8.5
Alabama,62.2,34.5,0.7,1.6,1.3
Alabama,57,41,1,0.3,0.8
Alabama,45.1,52.5,0.2,1.2,1.4
Alabama,85.7,11.8,0.7,0.7,4.6
Alabama,30,69.6,0.1,0.1,0.9
Alabama,57.2,42.4,0.1,0.1,0.8
Alabama,60.2,36.8,0.6,1,1.6
Alabama,76.8,22.1,0.3,0.4,1.3
Alabama,56.1,42.1,0.3,0.6,2.1
Alabama,90.3,8.2,0.4,0.3,1.3
Alabama,88.2,9.4,0.3,1.4,3.1
Alabama,24.9,74.7,0.1,0.1,1.4
Alabama,67.5,31.4,0.2,0.4,1.1
Alabama,72.9,26.3,0.2,0.2,0.9
Alabama,67.7,30.1,0.2,1.1,1.6
Alabama,92.5,6.4,0.3,0.2,1.2
Alabama,66,26.4,6.7,0.1,0.9
Alabama,27.1,72.6,0.1,0.1,0.8
Alabama,98.3,0.6,0.4,0.1,1.9
Arizona,22.2,0.6,76.1,0.3,4.6
Arizona,90.1,4.4,1.3,2.1,30.8
Arizona,66.1,1.3,29.9,1.2,11.6
Arizona,83.5,0.7,14.6,0.6,16.3
Arizona,80.4,2.2,16.3,0.7,27.8
Arizona,96.2,0.8,1.9,0.5,46.4
Arizona,84.2,1,13.2,0.6,22.8
Arizona,89,4.3,2.2,2.9,28.7
Arizona,94.2,1,2.5,1.1,12.8
Arizona,48.5,1.1,48.8,0.4,8.7
Arizona,88.7,3.4,3.6,2.6,31.6
Arizona,86.9,3.5,7.4,1.1,29.6
Arizona,97.7,0.6,0.8,0.8,80.4
Arizona,95.6,0.7,1.7,0.8,11.5
Arizona,93,2.7,1.9,1.4,54.6
Arkansas,74.6,24.5,0.1,0.4,1.1
Arkansas,74.6,24.5,0.1,0.4,1.1
Arkansas,71.3,27.8,0.1,0.3,3.8
Arkansas,98,0.3,0.5,0.4,1
Arkansas,93.8,1.1,1.6,1.9,12.6
Arkansas,97.7,0.3,0.7,0.4,1.5
Arkansas,71.2,28.2,0.3,0.1,10.2
Arkansas,76.6,23.2,0,0,2.1
Arkansas,97.3,0.3,0.7,0.7,13.5
Arkansas,45.2,53.9,0,0.6,4
Arkansas,75.3,22.3,0.5,1.1,3.9
Arkansas,98.2,0.3,0.7,0.2,1
Arkansas,98.2,0.5,0.3,0.2,1.7
Arkansas,85.7,13.5,0.4,0.1,1.8
Arkansas,62.3,36.6,0.3,0.4,1.6
Arkansas,85.5,12.5,0.5,0.5,2.4
Arkansas,88.3,9.7,0.4,0.7,3.1
Arkansas,93.4,1.1,2.1,1.4,4.6
Arkansas,49.2,49.4,0.3,0.6,1.9
Arkansas,75.5,23.4,0.3,0.4,1.1
Arkansas,58.2,40.7,0.3,0.4,2.4
Arkansas,52.1,46.8,0.3,0.4,3.8
Arkansas,71.2,27.5,0.2,0.5,2.6
Arkansas,88.3,9.3,0.5,0.8,2.5
Arkansas,96.7,0.7,0.8,0.9,2
Arkansas,98.1,0.3,0.6,0.2,0.7
Arkansas,89.3,7.9,0.7,0.6,3.3
Arkansas,95.8,3.1,0.5,0.2,1.7
Arkansas,97.8,0.3,0.4,0.2,1.5
Arkansas,68.8,29.1,0.4,0.5,12
Arkansas,87.9,10.2,0.5,0.3,1.7
Arkansas,77.8,20.7,0.5,0.5,8.8
Arkansas,95.5,2.1,0.4,1,2.5
Arkansas,96.8,1.5,0.8,0.2,1.1
Arkansas,79.7,19.4,0.3,0.2,1.4
Arkansas,46.2,51.9,0.3,0.9,1.2
Arkansas,95.7,1.8,0.7,0.7,9.3
Arkansas,63.1,36.1,0.4,0.3,1.6
Arkansas,97.8,0.7,0.6,0.1,0.9
Arkansas,42.2,57.2,0.2,0.4,2.6
Arkansas,66.1,32.9,0.4,0.1,1.8
Arkansas,76,21.2,1.2,0.2,2
Arkansas,95.7,1.3,0.7,0.8,1.6
Arkansas,91.5,6.5,0.5,0.6,2.3
Arkansas,97.2,0.2,1.2,0.3,3.9
Arkansas,97.7,0.3,0.7,0.2,1
Arkansas,74.5,23.4,0.7,0.4,1.9
Arkansas,63.9,34.1,0.3,0.4,2.7
Arkansas,59.3,39.3,0.2,0.3,1.7
Arkansas,97.1,0.6,0.9,0.4,3.7
Arkansas,66.6,32.7,0.4,0.1,2.2
Arkansas,98.2,0.2,0.5,0.2,1.2
Arkansas,58.6,40.2,0.2,0.4,1.1
Arkansas,96.3,2,0.9,0.2,1.3
Arkansas,37.3,61.4,0.2,0.5,1.5
Arkansas,94.2,3.9,0.8,0.3,4.9
Arkansas,91.8,7.4,0.2,0.2,1.8
Arkansas,96.5,0.3,1.5,0.3,3.8
Arkansas,94.4,3,0.6,0.8,3.8
Arkansas,84.8,14.5,0.4,0.2,0.9
Arkansas,62.5,34,0.4,1.6,3.1
Arkansas,97.4,1.2,0.6,0.1,1.2
Arkansas,48.2,50.5,0.3,0.7,5.2
Arkansas,94.8,3.2,0.5,0.7,2
Arkansas,95.4,0.5,1.2,2,7
Arkansas,98,0.2,0.8,0.2,1.1
Arkansas,85.8,6.3,1.6,3.8,9.6
Arkansas,92.4,4.4,2,0.3,26.5
Arkansas,97,0.9,0.6,0.2,1.4
Arkansas,97.7,0.3,0.4,0,1.1
Arkansas,65.3,33,0.2,0.6,1.7
Arkansas,97.1,0.5,0.8,0.3,1.4
Arkansas,91.2,2.7,1.4,2.6,12.2
Arkansas,93.8,4,0.5,0.5,2.6
Arkansas,70.4,28.7,0.2,0.2,0.9
Arkansas,95.4,1.5,0.7,1.3,17.1
California,56.9,13.8,0.7,24.9,20.3
California,80.1,0.7,18.6,0.4,8.5
California,91.2,4.1,1.6,1.5,9.5
California,89.2,1.6,1.9,4.2,11.6
California,93.6,1,1.7,1.3,8.6
California,93.5,1,2.4,2.5,49.1
California,72.7,9.6,0.7,13.5,20.7
California,83.3,4.6,6.1,2.9,14.9
California,92.5,0.9,1,3.2,10.3
California,81.4,5.7,1.9,9,46.4
California,92.5,0.9,2.2,3,32.4
California,87.5,1.1,5.4,2.1,7.4
California,90.6,4.2,1.9,2.6,75.1
California,86.2,0.4,10,1.4,15.9
California,85.8,6.2,1.7,4.2,43.6
California,84.3,8.5,2,3.5,46.6
California,90.9,2.2,3.1,1.3,14.5
California,84.3,9.5,3.1,1.4,14.9
California,74.1,9.7,1.1,13.4,46.4
California,88.6,4.4,3.1,2.2,47.9
California,88.7,3.1,0.6,5.5,12.4
California,92.3,1.1,3.1,1.1,9.6
California,90.3,0.8,4.8,1.7,19.2
California,85.4,4.1,1.6,6.8,50.8
California,92.9,0.8,4,0.7,11.9
California,94.6,0.6,2.5,1.4,22.6
California,85.5,3.8,1.3,7.1,50.1
California,89.3,2,1,5.6,27.3
California,95.6,0.4,0.9,1.1,6.7
California,78.9,1.9,0.9,16.2,32.1
California,90.2,1.3,0.9,4.9,10.5
California,94.1,0.8,2.4,0.7,5.9
California,84.5,6.5,1.4,5.2,40.5
California,70,10.5,1.1,14,18.2
California,91.7,1.4,1.6,3.6,50.1
California,80.6,9.5,1.4,6,44.2
California,79.8,5.6,1,10.8,29
California,56.6,7.3,0.5,33.3,13.5
California,73,7.9,1.3,14.3,34.1
California,91.3,2.1,1.1,3.3,17.5
California,68.5,3.4,0.5,24.8,22.3
California,89.1,2.3,1.6,4.8,36.8
California,63.2,2.8,0.8,30.6,24.5
California,90.9,1.2,1.2,4.3,27.4
California,90.9,1,2.6,2.3,7.1
California,96.9,0.3,1.8,0.1,8.4
California,90.7,1.4,3.7,1.4,8.9
California,64,15.3,0.9,14.9,20.6
California,90.2,1.6,1.4,4.1,20.7
California,87.1,3.1,1.5,5.6,37
California,80.9,2.3,1.6,12.6,25.4
California,93.8,0.8,2.1,1.1,18.7
California,90.4,0.5,4.5,0.8,4.7
California,90.9,1.9,1.9,3.8,54.7
California,91.8,3.1,1.8,1.1,10
California,87.9,2.1,1.2,6.7,35.6
California,80.7,2.6,1.4,12.1,27.1
California,82.6,3,2.4,7.8,20.8
Colorado,89.8,3.2,1.4,3.6,34.5
Colorado,92.5,1.7,3,1.5,43
Colorado,82.4,9.6,0.8,4.8,15.8
Colorado,96.5,0.4,1.6,0.5,15.2
Colorado,97.9,0,0.8,0.5,9.2
Colorado,91.8,4.1,2.8,1,30.7
Colorado,92.9,1.1,0.7,3.8,12.5
Colorado,92.1,1.2,0.6,4.5,10.2
Colorado,96.1,1.7,1,0.5,8.6
Colorado,98.3,0.6,1,0.2,9
Colorado,97.3,0.4,0.9,0.7,4.2
Colorado,97,0.3,2,0.5,55.8
Colorado,93.3,1.1,3.4,1.8,62.8
Colorado,88.7,7.3,2.7,0.9,23.3
Colorado,97.9,0.4,0.8,0.4,3.2
Colorado,97.1,0.6,0.9,0.4,12.5
Colorado,82.9,10.6,1.4,3.3,34.2
Colorado,96.4,0.1,2.8,0.5,6.8
Colorado,92.8,1.5,0.5,3.5,6.4
Colorado,97.3,0.6,0.6,1,26.9
Colorado,96.4,0.7,0.8,0.6,5.1
Colorado,85.8,6.7,1,3.2,12.2
Colorado,91.3,5.3,1.3,0.7,10.4
Colorado,96.9,0.7,0.7,0.6,22.4
Colorado,96.4,0.9,0.6,1.3,4.6
Colorado,97.5,0.6,0.6,0.8,5
Colorado,96.8,0.6,1,0.7,5.8
Colorado,97.9,0,1.6,0.5,1.6
Colorado,91.9,3,3.3,0.6,34.3
Colorado,98.8,0.3,0.8,0.1,8.1
Colorado,93.8,1.1,0.9,2.6,12.6
Colorado,97.7,0.6,1.5,0.3,3.2
Colorado,97,1.9,0.5,0.5,15.9
Colorado,96.5,0.4,1.9,0.9,41.3
Colorado,91.4,0.6,5.8,0.7,10.3
Colorado,94.9,0.9,0.7,1.9,9.3
Colorado,94.5,0.6,2.7,1,40.8
Colorado,92.1,5.6,1,1,10.2
Colorado,96,2.3,0.8,0.5,12.6
Colorado,96.3,0.7,0.9,0.7,10.8
Colorado,99.2,0,0.3,0,1.9
Colorado,97.3,0.4,0.9,0.4,12.6
Colorado,87,0.2,10.9,0.4,9.7
Colorado,96.3,0.6,1.3,0.7,16.5
Colorado,97.3,0.7,1,0.5,32.2
Colorado,95.1,1.1,1.6,1,37.8
Colorado,97.9,0.1,0.8,0.4,3.8
Colorado,96.6,0.8,0.8,0.6,5.8
Colorado,97.9,0.3,0.7,0.5,18.4
Colorado,97,0.7,0.3,1.5,7
Colorado,96.8,0.6,1.5,0.7,37.2
Colorado,93.7,2.2,1.9,0.9,38.5
Colorado,97.8,0.2,0.9,0.4,5.8
Colorado,96.7,0.8,1.6,0.5,37.4
Colorado,97.7,0.5,0.5,0.5,3.7
Colorado,96.4,0.2,2.2,0.6,45.4
Colorado,98.1,0,1.2,0.7,8.8
Colorado,97.4,0.3,0.8,1.2,8.7
Colorado,98,0.6,0,1.1,13.6
Colorado,97.1,0.9,0.4,0.9,13.1
Colorado,95.8,1,1,0.7,4.5
Colorado,98.9,0.1,0.7,0.1,7.5
Colorado,95.8,0.8,1,1.2,27.5
Colorado,99.1,0.2,0.3,0.1,18.4
Connecticut,83.7,10.7,0.3,4.2,13.8
Connecticut,81.6,13.3,0.3,3.4,12.5
Connecticut,96,1.4,0.2,1.4,3.1
Connecticut,91.8,4.7,0.2,2.1,3.5
Connecticut,82.4,12.6,0.3,3.3,11.7
Connecticut,87.6,6,0.9,3.2,5.9
Connecticut,92.6,3.4,0.2,2.8,3.4
Connecticut,94.7,2.3,0.5,1.1,7.4
Delaware,73.7,22,0.6,1.9,3.7
Delaware,72.3,22.5,0.3,3.6,6.6
Delaware,83.5,14.1,0.6,0.9,5.8
Florida,73.7,20,0.3,4.4,6.3
Florida,85.3,13.3,0.3,0.5,2.3
Florida,84.4,11.3,0.8,1.9,3.1
Florida,76.3,21.9,0.4,0.8,2.9
Florida,86.9,9.4,0.4,1.9,6
Florida,70.4,24.9,0.3,3,21.7
Florida,81.3,15.9,1.4,0.6,4.4
Florida,92.7,5.3,0.2,1.1,4.2
Florida,94.9,2.8,0.4,1.1,3.4
Florida,86.6,8.7,0.5,2.5,5.5
Florida,92,5.9,0.4,1.1,24.2
Florida,80.4,17.4,0.6,0.8,3.5
Florida,84.4,11.8,2.9,0.6,31.2
Florida,89.3,9.5,0.5,0.3,2.1
Florida,64.7,30,0.4,3.4,5.3
Florida,71.4,23,0.9,2.6,2.9
Florida,88,9.2,0.3,1.6,6.6
Florida,88.7,10,0.4,0.4,1.5
Florida,42.6,56.4,0.3,0.3,7.9
Florida,91.9,6.6,0.4,0.3,3.7
Florida,83.6,10.5,4.9,0.5,17.6
Florida,80.7,17.4,0.7,0.5,2.4
Florida,62.5,36.5,0.5,0.4,8.3
Florida,88.7,9,1.3,0.7,39.7
Florida,84.2,13.5,1.4,0.6,45.7
Florida,93.4,4.6,0.3,0.9,7.4
Florida,88,9.6,0.5,1.3,15
Florida,78.7,16.3,0.5,3,20.9
Florida,90.7,6.6,1,0.5,2.7
Florida,89.8,8.4,0.3,0.9,8.7
Florida,70.5,27.3,0.7,0.5,3.5
Florida,62.8,36,0.4,0.4,3.6
Florida,82.1,16.7,0.7,0.2,11.9
Florida,88.4,8.8,0.4,1.5,9
Florida,90,7.5,0.4,1.2,14.2
Florida,65.8,30.2,0.3,2.5,4
Florida,87.4,10.6,0.5,0.5,5.3
Florida,79,19,1.7,0.2,6.5
Florida,58.6,40.4,0.3,0.4,4.3
Florida,88.8,8.7,0.3,1.4,11.7
Florida,85.9,11.6,0.5,1.1,7.8
Florida,92.2,5.5,0.8,1,9
Florida,76.5,20.5,0.3,1.5,60.1
Florida,92.3,5.4,0.4,1.1,17.7
Florida,90.5,7.5,0.4,0.7,2
Florida,84.2,9.7,0.6,2.9,5.1
Florida,89.3,8,0.9,1,21.5
Florida,72.5,20.7,0.5,4.5,22.8
Florida,84.4,10.1,0.6,3,37.2
Florida,80.5,16,0.5,2.1,15.9
Florida,93.5,3.4,0.4,1.6,8.3
Florida,85.6,10.1,0.4,2.7,6.2
Florida,82.9,14.2,0.5,1.4,13.2
Florida,80.7,17.4,0.5,0.7,7.4
Florida,91.4,6,0.3,1.6,3.7
Florida,80.8,16.5,0.3,1.4,12.3
Florida,90.9,4.9,0.9,1.6,3.1
Florida,93.4,4.5,0.2,1.1,6.2
Florida,83.9,10.9,0.4,3.3,13.6
Florida,85.1,12.9,0.5,0.7,7.7
Florida,86.6,11.5,0.4,0.6,7.1
Florida,78.6,19,0.9,0.5,1.9
Florida,74.8,23.5,0.6,0.4,4
Florida,87.3,10,0.4,1.3,9
Florida,86.5,11.7,0.6,0.4,2.6
Florida,89.7,6.8,1.1,0.7,2.8
Florida,82.5,13.9,1.4,0.6,2.4
Georgia,80.4,18.5,0.3,0.4,5.7
Georgia,80.1,18.4,0.7,0.6,21.5
Georgia,82.3,16.3,0.1,0.7,4.1
Georgia,48.4,51.2,0.3,0,2.7
Georgia,54.3,44,0.2,1.2,1.5
Georgia,95.3,3.4,0.3,0.7,3.8
Georgia,85.1,10.8,0.3,2.8,6.2
Georgia,88.6,9.3,0.3,0.8,5.6
Georgia,65.2,33.7,0.3,0.4,6.4
Georgia,87.9,11,0.2,0.4,2.8
Georgia,47.5,50.3,0.2,1.4,1.6
Georgia,73.9,24.7,0,1.2,1.4
Georgia,94.7,4.3,0,0.1,1.2
Georgia,60.9,38.1,0.1,0.4,3.9
Georgia,82.2,15,0.4,1.1,2.4
Georgia,69.5,28.6,0.2,1.2,2.4
Georgia,48,50.9,0.2,0.4,1.7
Georgia,73.9,24.5,0.5,0.4,2
Georgia,36.6,63.1,0.1,0.2,3.5
Georgia,75.6,20.6,0.7,1.4,3.2
Georgia,73.8,25.2,0.6,0.3,12.1
Georgia,81.3,16.7,0.3,0.8,4
Georgia,95.6,2.1,0.3,1,1.6
Georgia,69.8,28.6,0.4,0.4,0.8
Georgia,55.1,41.3,0.3,2.2,2.7
Georgia,65.3,28.8,0.8,2.9,10.5
Georgia,88.3,10.7,0,0.3,3.2
Georgia,91.9,4.9,0.4,1.6,7.9
Georgia,69.1,26,0.3,3.5,8.2
Georgia,39.2,60.3,0,0.3,0.9
Georgia,30.9,62.1,0.3,5.1,10.3
Georgia,67.2,31,0.7,0.6,1
Georgia,71.9,22.5,0.3,4,10.3
Georgia,71.4,27,0.4,0.8,8.7
Georgia,75.3,23.4,0.3,0.5,13.9
Georgia,80.8,14,0.3,3.5,2.9
Georgia,70.9,28,0.2,0.6,4.9
Georgia,80.7,17.2,0.2,1,5.1
Georgia,77.3,21.6,0.4,0.2,2.4
Georgia,54.1,44.1,0.2,1.2,2.5
Georgia,97.5,1.2,0.4,0.4,1.1
Georgia,97.8,0.7,0.2,0.5,2.7
Georgia,58.1,40.6,0.4,0.5,3.6
Georgia,38.9,55.6,0.3,4,8.9
Georgia,68.7,30.6,0.2,0.3,1.8
Georgia,49,49.7,0.1,0.9,4.5
Georgia,34.2,63.7,0.2,1.1,1.5
Georgia,65.2,31.6,0.4,1.3,4.8
Georgia,48.3,50.9,0.1,0.3,1.3
Georgia,90,8.8,1,0.1,27.3
Georgia,85,13.3,0.3,0.6,1.8
Georgia,68.9,30.2,0.2,0.3,3.6
Georgia,66.5,32.6,0.2,0.4,5.9
Georgia,66.9,32,0.5,0.6,8.7
Georgia,97.8,0.6,0.4,0.3,1.2
Georgia,78.4,17,0.2,3.2,3.6
Georgia,83.7,13.7,0.3,1.6,6.9
Georgia,93.5,2.2,0.3,3,7.5
Georgia,90,8.8,0.2,0.5,1.5
Georgia,51.6,42.9,0.2,4.2,7.2
Georgia,96.5,0.8,0.8,1.3,8.6
Georgia,89.8,9.8,0.1,0,0.4
Georgia,72,26,0.3,0.7,4.1
Georgia,94.4,3.5,0.4,1,12.5
Georgia,69.4,28.9,0.8,0.5,8.8
Georgia,58.8,40.3,0.3,0.5,3.5
Georgia,69.5,19.3,0.4,9.2,15.8
Georgia,92.6,3.8,0.6,2.4,10.6
Georgia,90.1,7,0.4,1.8,24.8
Georgia,23.1,76.6,0.2,0.2,0.6
Georgia,93.5,5.5,0.1,0.4,1
Georgia,79.9,18.4,0.4,0.7,1.7
Georgia,79.2,19.6,0.1,0.7,1.4
Georgia,89,10.3,0.2,0.2,1.4
Georgia,68.5,27.2,0.3,2.7,4
Georgia,69.2,26.9,0.4,2,3.7
Georgia,73.7,25.6,0.2,0.5,2.6
Georgia,90.6,7.1,0.1,1.4,3.8
Georgia,76.6,22.7,0.1,0.1,2.7
Georgia,83.9,15,0.3,0.8,7.3
Georgia,43.4,56,0.1,0.3,1.8
Georgia,58.1,41.1,0.3,0.3,4.2
Georgia,60,39.5,0,0.3,1.2
Georgia,75.1,23.3,0.3,0.9,0.9
Georgia,70.4,28.4,0.2,0.5,1.4
Georgia,72.9,25.2,0.7,0.5,2.3
Georgia,63.4,35.1,0.2,0.9,1.5
Georgia,81.3,16.7,0.3,1.3,1.3
Georgia,49.4,44.5,0.5,2.4,6.9
Georgia,66.9,32.5,0.4,0.1,0.9
Georgia,72.6,24,0.7,1.4,9.1
Georgia,63,34.1,0.4,1.4,3
Georgia,96,1.7,0.7,0.5,4.8
Georgia,60.9,37.9,0.4,0.4,1.7
Georgia,64.3,34.3,0.4,0.4,1
Georgia,39.2,59.5,0.3,0.7,3.7
Georgia,89.7,8.6,0.2,0.7,2.4
Georgia,64,33.9,0.3,0.9,6.7
Georgia,57.9,41,0.4,0.3,1.3
Georgia,71.9,27.7,0.2,0.1,0.7
Georgia,51.7,47.1,0.3,0.5,2.6
Georgia,73,25.6,0.4,0.5,1.8
Georgia,74.4,25,0,0.4,4.5
Georgia,73.5,25.4,0.1,0.5,2
Georgia,97.1,1.3,0.4,0.3,12.2
Georgia,49.3,46.4,0.4,2.3,4
Georgia,65.7,32,0.2,1.2,3.2
Georgia,90.7,6.3,0.2,2.1,3.3
Georgia,80.3,18.8,0.1,0.2,2.7
Georgia,84.8,12.9,0.3,0.7,3.6
Georgia,55.5,43.4,0.3,0.4,4.8
Georgia,97,1.6,0.4,0.4,2.7
Georgia,88.1,10.7,0.3,0.4,2.8
Georgia,86.5,12.5,0.2,0.5,1.4
Georgia,85.5,13.1,0.3,0.7,10
Georgia,66.3,32.4,0.3,0.7,4.4
Georgia,71,27.8,0.2,0.7,3.8
Georgia,54.6,45.1,0.1,0,1.3
Georgia,97.2,1.3,0.4,0.5,7.1
Georgia,39,60.1,0.4,0.4,1.5
Georgia,43.7,52.7,0.3,1.7,2.6
Georgia,62.2,34.4,0.3,2.1,8.5
Georgia,72.8,26.6,0,0.3,2.3
Georgia,54.8,44.4,0.3,0.5,1.2
Georgia,66.2,33.4,0.2,0.2,3.4
Georgia,65.8,32.4,0.2,0.9,2.3
Georgia,86.2,12,0.3,0.8,1.5
Georgia,37.8,61.6,0.2,0.3,1.7
Georgia,49,49.8,0.3,0.6,3.5
Georgia,42.6,56.7,0.1,0.3,1.7
Georgia,38.6,61.2,0,0,1
Georgia,69.2,29.6,0.3,0.5,11.8
Georgia,58.7,40.4,0.2,0.6,2.4
Georgia,57.4,42.1,0,0.3,3.2
Georgia,38,61.2,0.2,0.6,1.5
Georgia,60.4,38.2,0.2,0.5,1.8
Georgia,70.2,27.8,0.2,1.4,10.1
Georgia,73.8,25.1,0.2,0.6,11
Georgia,98,1.2,0.2,0.4,1.4
Georgia,67,32.4,0,0.5,1.6
Georgia,65.5,32.8,0.1,1,2.3
Georgia,58.2,41,0.2,0.5,3.2
Georgia,58,41.4,0.1,0.2,1.4
Georgia,98,1.2,0.2,0.3,1
Georgia,70.1,28.8,0.3,0.4,1.7
Georgia,94.6,4.1,0.2,0.4,1.3
Georgia,83.5,14.5,0.3,1,2.5
Georgia,71.6,27.3,0.2,0.5,2.7
Georgia,41,58.5,0.2,0.2,1.1
Georgia,46.1,53.3,0.2,0.3,0.7
Georgia,78.4,20.2,0.2,0.6,4.4
Georgia,52.9,47,0,0,4.3
Georgia,65.4,33.6,0.7,0.1,4.6
Georgia,95.5,2.2,0.3,1.1,2.4
Georgia,93.3,3.9,0.5,1.4,27.9
Georgia,63.4,36.3,0.1,0.2,1.5
Georgia,56.8,42.2,0.2,0.4,2.5
Georgia,58.8,40.7,0.2,0.1,1.7
Georgia,69.1,29.9,0.3,0.3,1.2
Hawaii,35.9,0.7,0.5,36,6.4
Hawaii,35.9,0.7,0.5,36,6.4
Hawaii,22.9,3,0.3,55.1,4.7
Hawaii,33.9,0.4,0.4,43.8,5.7
Hawaii,38.3,0.6,0.5,40.5,5.8
Idaho,95.1,0.1,3.2,0.4,1.7
Idaho,94.6,0.8,0.7,2.1,5.3
Idaho,97.6,0.1,1.5,0.4,2.1
Idaho,93.5,0.7,3.1,1.3,5.2
Idaho,98.8,0.3,0.6,0.2,2.3
Idaho,90.2,0.2,8,0.2,2
Idaho,91.1,0.3,7,0.6,13.9
Idaho,97.2,0.5,0.4,1,15.1
Idaho,97.6,0.1,0.9,0.3,3.6
Idaho,97,0.2,1,0.4,1.8
Idaho,96.6,0.7,0.7,0.9,8.1
Idaho,96.1,0.2,2.5,0.7,3.3
Idaho,98.1,0.4,0.6,0.2,4.8
Idaho,98.3,1,0.1,0.2,5.9
Idaho,95.8,0.6,0.9,1,19.8
Idaho,99.2,0,0.3,0.2,3.8
Idaho,97.6,0.3,0.9,0.4,20.9
Idaho,97.6,0.1,1.1,0.4,39.4
Idaho,96.3,0.3,1.8,0.4,1.7
Idaho,98.7,0,0.7,0,5.2
Idaho,91.4,3.5,1,2,12.7
Idaho,99.1,0.1,0.5,0.2,6.7
Idaho,98,0.2,0.6,0.5,12.3
Idaho,97.4,0.1,1,0.4,7
Idaho,98,0.3,0.9,0.3,20
Idaho,95.1,0.1,3.2,0.4,1.7
Idaho,97.8,0.4,0.7,0.6,9.7
Idaho,97.4,0.5,0.9,0.4,23.3
Idaho,96.4,0.3,1.3,0.6,2.9
Idaho,94.1,0.8,0.9,2.6,2.7
Idaho,98.3,0.1,0.6,0.1,2.8
Idaho,94.2,0.4,4.5,0.6,2.6
Idaho,96.3,1.1,1.4,0.4,17.1
Idaho,97.3,0.4,0.4,1,4.2
Idaho,97.2,0.4,1.2,0.6,27.3
Idaho,91.6,0.5,5.6,1,2
Idaho,99.4,0.1,0.4,0.1,2.4
Idaho,95,0.2,2.9,0.7,22.5
Idaho,96.5,0.1,0.9,1,13.4
Idaho,96,0.3,3.2,0.5,25.4
Idaho,96.8,0.1,1.5,0.3,2.3
Idaho,98.3,0.3,0.6,0.6,13.8
Idaho,96.9,0.4,0.8,0.9,11.2
Idaho,98.2,0.2,0.7,0.4,2.8
Idaho,97.1,0.2,0.8,1.3,16
Illinois,95.2,3.3,0.2,0.5,0.9
Illinois,63.9,34.8,0.2,0.5,1.7
Illinois,91.7,7.1,0.5,0.4,1.6
Illinois,95.8,1.7,0.5,0.9,16.8
Illinois,80.9,18.7,0,0.3,4.4
Illinois,98.1,0.6,0.2,0.6,6.1
Illinois,99,0.1,0.3,0.3,0.8
Illinois,97.9,0.9,0.1,0.5,2.5
Illinois,97.9,1.1,0.1,0.5,15.1
Illinois,78.7,11.2,0.3,7.9,3.8
Illinois,96.4,2.5,0.2,0.6,1.1
Illinois,98.9,0.4,0.1,0.2,0.5
Illinois,98.6,0.2,0.3,0.7,0.8
Illinois,95.1,4,0.2,0.4,2
Illinois,95.5,2.4,0.3,1.1,1.8
Illinois,66.6,26.4,0.4,5.5,22.1
Illinois,94.1,4.8,0.3,0.4,2
Illinois,99,0.3,0.2,0.2,0.6
Illinois,90.8,5,0.2,2.8,8.4
Illinois,98.2,0.7,0.2,0.4,1.5
Illinois,98.4,0.5,0.2,0.5,4.9
Illinois,84.8,4.1,0.2,9.7,11.3
Illinois,97.3,2,0.2,0.3,0.9
Illinois,99.1,0.2,0,0.6,0.5
Illinois,98.8,0.3,0.2,0.4,1.1
Illinois,94.7,4.8,0,0.2,1.1
Illinois,98.5,0.5,0,0.5,1.5
Illinois,98.8,0.3,0.2,0.2,1
Illinois,95.2,3.8,0.3,0.3,1.4
Illinois,99.2,0.3,0.4,0,0.8
Illinois,98.3,0.9,0.2,0.2,0.7
Illinois,97.3,1,0.2,0.6,6.2
Illinois,98.7,0.6,0.3,0.2,1
Illinois,98.9,0.4,0.2,0.2,0.5
Illinois,97.1,2.2,0,0.6,1.2
Illinois,99.1,0.3,0.1,0.1,0.9
Illinois,97.4,1.3,0.1,0.4,3.4
Illinois,97.7,1,0.3,0.5,4.8
Illinois,81.2,12.6,0.3,4.3,2.9
Illinois,99.4,0.2,0.1,0.2,0.6
Illinois,89.8,8.4,0.1,0.7,1.5
Illinois,97.9,1,0.1,0.4,0.9
Illinois,98.8,0.4,0.2,0.2,2.4
Illinois,86.9,12.3,0.2,0.3,3
Illinois,89.9,5.6,0.4,2.9,27.3
Illinois,82.6,15.2,0.2,0.9,6.4
Illinois,93.6,3.1,0.2,1.9,12.6
Illinois,90.6,7.2,0.2,0.8,3.8
Illinois,85.9,6.8,0.3,5.5,18
Illinois,96.8,1.7,0.2,0.7,6.4
Illinois,95.2,4.1,0,0.1,1.4
Illinois,93.9,4.6,0.1,0.8,4
Illinois,93.6,5.4,0.2,0.3,2.8
Illinois,91.8,6.9,0.2,0.8,1.8
Illinois,92,4.3,0.1,2.8,1.8
Illinois,95.5,0.9,0.2,2.5,10
Illinois,89.3,6.5,0.1,2.7,3.1
Illinois,82.8,14.6,0.2,0.9,1.2
Illinois,98,1,0.2,0.3,0.7
Illinois,90.2,7.9,0.3,0.7,1.9
Illinois,94.1,4,0.2,0.7,1
Illinois,98.5,0.5,0.2,0.3,1.8
Illinois,98.9,0.3,0.3,0.3,0.6
Illinois,92.8,6.1,0.1,0.2,1.1
Illinois,98.9,0.5,0.2,0.2,0.9
Illinois,98.9,0.5,0.1,0.2,1.4
Illinois,99,0.2,0.2,0.3,1.3
Illinois,95.3,3.9,0.2,0.3,1.1
Illinois,93,5.5,0.2,0.6,1.5
Illinois,99.2,0.3,0.1,0.1,0.6
Illinois,97.7,0.7,0.3,0.5,7.6
Illinois,78.7,16.9,0.2,2.3,2.6
Illinois,90.4,8.5,0.3,0.4,2.1
Illinois,98.7,0.4,0,0.4,0.7
Illinois,97.8,1.5,0.1,0.3,0.6
Illinois,93.5,4.9,0.7,0.3,1.1
Illinois,67.6,30.9,0,1,1.5
Illinois,98.5,0.7,0.3,0.4,3.8
Illinois,89.9,9.2,0.1,0.3,1.7
Illinois,98.5,0.5,0.1,0.6,0.8
Illinois,89.1,7.8,0.3,1.3,10
Illinois,67.8,29.5,0.3,1.2,2.6
Illinois,94.3,4.5,0.3,0.2,1.1
Illinois,86.8,10.4,0.2,1.4,1.2
Illinois,98.9,0.8,0,0.2,0.8
Illinois,99.5,0,0.2,0.2,0.2
Illinois,99.2,0.2,0.1,0.2,0.5
Illinois,99.2,0.1,0.1,0.2,1.1
Illinois,89.6,7.9,0.2,0.9,2.1
Illinois,97.5,1.1,0.2,0.6,1.3
Illinois,97.6,1,0.5,0.4,3.5
Illinois,87.1,11.2,0.2,0.6,3.4
Illinois,98.1,0.5,0.1,0.6,0.9
Illinois,96.5,2,0.2,0.7,4.5
Illinois,98.7,0.4,0.2,0.2,1
Illinois,98.6,0.4,0.2,0.4,0.6
Illinois,98.7,0.4,0.2,0.1,0.7
Illinois,97.1,1.3,0.3,0.5,9.4
Illinois,84.2,10.7,0.3,3.5,12.7
Illinois,95,3.1,0.3,0.6,1.6
Illinois,85,11,0.4,2.1,9.5
Illinois,98.3,0.5,0.1,0.5,1
Indiana,99,0.2,0.1,0.3,3.5
Indiana,84.4,11.7,0.4,1.8,5.2
Indiana,94.4,2,0.2,2.6,3.4
Indiana,98.2,0.5,0,0.1,2.7
Indiana,98.5,0.2,0.4,0.2,0.6
Indiana,97.2,0.7,0.2,1.2,1.7
Indiana,98.5,0.5,0.1,0.4,0.9
Indiana,99.2,0.3,0.1,0.1,3.7
Indiana,96.8,1.6,0.5,0.6,10
Indiana,90.5,7.1,0.3,0.8,2.6
Indiana,98.3,0.6,0.3,0.2,0.7
Indiana,98.7,0.4,0.2,0.3,11.5
Indiana,98.9,0.2,0.4,0.4,1.2
Indiana,98.5,0.6,0.2,0.3,3.2
Indiana,98,0.8,0.2,0.4,0.7
Indiana,98.2,0.2,0.1,1.2,0.9
Indiana,91.1,6.8,0.2,0.9,1.2
Indiana,99,0.2,0.1,0.4,4.4
Indiana,91.6,5.5,0.3,1.2,12.4
Indiana,97.7,1.6,0,0.3,0.6
Indiana,93.1,4.9,0.2,0.7,1.5
Indiana,99,0.2,0.2,0.3,1.8
Indiana,99.1,0.1,0,0.4,0.6
Indiana,98,0.7,0.3,0.4,2.9
Indiana,96.4,2.1,0.2,0.7,0.9
Indiana,90.5,7.2,0.4,0.6,2.7
Indiana,98.8,0.1,0.3,0.2,0.9
Indiana,91.9,3.1,0.2,3.6,2.4
Indiana,96.5,1.3,0.2,0.7,1.2
Indiana,98.4,0.6,0.3,0.2,1.4
Indiana,93.9,3.7,0.2,1.2,2
Indiana,98.2,1,0.2,0.3,0.9
Indiana,90.2,7,0.4,1,2
Indiana,98.2,0.3,0.4,0.5,1
Indiana,97.9,0.7,0.2,0.8,4.3
Indiana,98.8,0.6,0.1,0.2,3.7
Indiana,98.5,0.3,0.2,0.6,2.3
Indiana,96.6,1.6,0.3,0.7,1.2
Indiana,98,0.9,0.2,0.3,0.9
Indiana,97,1.2,0.2,1,1.9
Indiana,96.6,2.1,0.1,0.8,1
Indiana,97.7,0.7,0.3,0.6,6.3
Indiana,98.5,0.2,0.1,0.6,3.4
Indiana,71.3,26.2,0.3,1.1,13.5
Indiana,98.2,0.5,0.3,0.3,1
Indiana,90.3,8.1,0.2,0.4,2
Indiana,70.7,25.8,0.3,1.5,5.8
Indiana,97.9,0.6,0.3,0.5,8
Indiana,99.3,0.3,0,0.1,0.4
Indiana,94.6,3,1,0.3,1.5
Indiana,90.5,3.2,0.2,4.5,2.1
Indiana,97.8,1,0.2,0.5,2.4
Indiana,98.4,0.3,0.2,0.3,0.8
Indiana,98.4,0.4,0.3,0.4,3.5
Indiana,98.4,0.4,0.3,0.4,9.5
Indiana,99.1,0.6,0.1,0.2,0.4
Indiana,98.1,0.7,0.3,0.4,0.8
Indiana,98.4,0.3,0.4,0.2,0.8
Indiana,97,2.2,0.2,0.2,0.6
Indiana,97.5,1.9,0.2,0.3,0.8
Indiana,99.3,0.2,0.1,0.2,0.7
Indiana,95.6,2.1,0.3,1,5.9
Indiana,98.1,1,0.3,0.2,0.5
Indiana,98.2,1,0.2,0.3,1.7
Indiana,95.2,3.1,0.4,0.7,1.2
Indiana,98.6,0.4,0.1,0.3,1.6
Indiana,98.9,0.1,0.3,0.4,1.1
Indiana,98.1,0.8,0.1,0.6,0.6
Indiana,84,12,0.4,1.7,5.7
Indiana,99.1,0.1,0.1,0.2,1.1
Indiana,97.3,1,0.2,0.9,2.3
Indiana,98.6,0.7,0.2,0.2,2.1
Indiana,98.4,0.4,0.2,0.3,2.2
Indiana,98.2,0.7,0.2,0.4,2.8
Indiana,94.6,4.5,0.3,0.2,0.9
Indiana,99.4,0.2,0.1,0.1,1
Indiana,90.5,3,0.3,5.1,6.4
Indiana,99,0.2,0.3,0.4,1.3
Indiana,99.1,0.3,0.2,0.3,0.3
Indiana,89,8.5,0.2,1.1,1.1
Indiana,98.8,0.4,0.2,0.1,0.9
Indiana,90.8,6.1,0.3,1.6,1.3
Indiana,97.8,0.5,0.7,0.5,1.2
Indiana,99.3,0.1,0.1,0.2,0.6
Indiana,97,1.3,0.2,0.9,1.3
Indiana,99,0.3,0,0.2,0.8
Indiana,92.6,5.1,0.2,0.7,1.8
Indiana,98.6,0.3,0.2,0.3,1.6
Indiana,98.6,0.3,0.2,0.4,6.8
Indiana,98.5,0.2,0.3,0.4,1
Iowa,99.2,0.2,0.1,0.3,1.1
Iowa,99.2,0.1,0,0.5,0.8
Iowa,99.2,0,0.5,0.2,0.6
Iowa,99,0.2,0.3,0.2,6.9
Iowa,98.5,0.7,0.1,0.4,1
Iowa,99.3,0.2,0.1,0.2,0.6
Iowa,99.1,0.2,0.1,0.2,0.6
Iowa,89.6,7.8,0.2,1.2,2.4
Iowa,98.6,0.7,0.2,0.3,1
Iowa,98.4,0.5,0.1,0.6,0.7
Iowa,98.6,0.3,0.2,0.4,0.7
Iowa,94,1.3,0.2,4,18.5
Iowa,99.3,0.1,0,0.2,0.7
Iowa,98.5,1,0.2,0.2,1.1
Iowa,98.8,0.3,0.2,0.5,1.4
Iowa,99,0.2,0.1,0.5,1.1
Iowa,98.6,0.4,0.2,0.4,1.2
Iowa,97,1,0.2,0.8,3
Iowa,98.7,0.4,0.2,0.5,1.9
Iowa,99.3,0.1,0,0.4,1
Iowa,98.7,0.1,0.4,0.5,6
Iowa,98.6,0.2,0.1,0.9,1.9
Iowa,99.2,0.2,0.3,0.1,0.9
Iowa,95.9,2.2,0.3,0.6,1.6
Iowa,97.7,1.2,0.5,0.5,16.7
Iowa,96.4,1.1,0.2,1.5,5.8
Iowa,99,0.2,0.1,0.2,0.9
Iowa,97,1.2,0.2,1,2.1
Iowa,99.4,0.1,0.1,0.2,0.8
Iowa,94.1,3.8,0.3,0.7,2.3
Iowa,99.1,0.2,0.2,0.2,0.9
Iowa,96.9,1.3,0.1,0.9,1.5
Iowa,98.7,0.3,0.4,0.4,5
Iowa,98.2,0.8,0.1,0.6,1.5
Iowa,98.1,0.6,0.1,0.7,1.6
Iowa,98.9,0.1,0.2,0.6,10.4
Iowa,98.9,0.1,0.2,0.4,2.3
Iowa,98.7,0.2,0.3,0.4,2
Iowa,99.3,0.1,0,0.3,0.7
Iowa,99.5,0.1,0,0.1,1.9
Iowa,97,0.4,0.3,1.8,2.1
Iowa,98.9,0.1,0.1,0.6,3.5
Iowa,98.5,0.8,0.2,0.4,2.9
Iowa,99,0.1,0.1,0.4,1.2
Iowa,95.1,1.8,0.3,2.2,1.9
Iowa,99.2,0.2,0.2,0.2,0.7
Iowa,98.7,0.4,0.1,0.5,2.2
Iowa,99.2,0.3,0.1,0.2,0.7
Iowa,99.2,0.2,0.1,0.3,1.1
Iowa,99,0.2,0.1,0.3,0.6
Iowa,97.3,1.2,0.3,0.7,1.2
Iowa,96.6,1,0.2,1.8,2.2
Iowa,90.5,3.3,0.3,4.4,2.9
Iowa,97.1,2,0.3,0.2,1.4
Iowa,99.3,0.1,0.1,0.3,0.6
Iowa,99.1,0.2,0.2,0.4,1
Iowa,95.1,3.1,0.2,0.6,2.5
Iowa,93.7,3,0.2,1.6,1.5
Iowa,99,0.3,0.1,0.4,14.1
Iowa,99,0.2,0.1,0.5,0.9
Iowa,99.1,0.3,0.1,0.2,0.5
Iowa,98.9,0.2,0.3,0.2,0.8
Iowa,96.9,0.9,0.2,1.2,1.3
Iowa,97.9,0.5,0.2,1,1.1
Iowa,96.4,1.2,0.5,1,12.6
Iowa,98.7,0.4,0.2,0.3,2.2
Iowa,99.5,0.2,0.1,0.2,0.6
Iowa,98.6,0.1,0.9,0.1,0.8
Iowa,98.8,0.3,0.4,0.4,0.5
Iowa,98.9,0.2,0.4,0.3,2.4
Iowa,96.9,1.2,0.3,1,13.1
Iowa,98.8,0.3,0.2,0.6,1.8
Iowa,98.9,0.3,0.4,0.2,3.2
Iowa,96.1,2,0.5,0.8,1.8
Iowa,99.2,0.1,0.1,0.3,0.8
Iowa,98.5,0.3,0.2,0.4,1.9
Iowa,99,0.3,0.2,0.4,1.2
Iowa,90.3,4.9,0.3,3.1,5.6
Iowa,96.9,1,0.4,0.7,4.1
Iowa,97.5,0.6,0.3,1.1,1.4
Iowa,99.3,0.1,0.2,0.3,0.6
Iowa,98.8,0.4,0.1,0.3,1.2
Iowa,89.9,6.2,0.3,1.9,4.4
Iowa,98.9,0.2,0.3,0.4,0.9
Iowa,98.4,0.4,0.1,0.8,4.9
Iowa,91.2,1.9,0.2,5.6,1.8
Iowa,92,0.5,6.4,0.2,4.3
Iowa,99.3,0,0.1,0.4,3.9
Iowa,98.8,0.3,0.1,0.4,1.1
Iowa,99.1,0,0.1,0.4,0.8
Iowa,96.9,1.4,0.4,0.7,7.1
Iowa,98.1,0.4,0.2,0.6,1.3
Iowa,98.6,0.5,0.2,0.3,3.8
Iowa,98.9,0,0.1,0.5,0.8
Iowa,93.8,3.8,0.4,1,2.8
Iowa,98.3,0.2,0.3,0.8,2.3
Iowa,98.1,0.7,0.1,0.9,1
Iowa,91.6,2.3,1.9,2.5,10.9
Iowa,99.3,0.3,0,0.2,1.8
Iowa,98.9,0.2,0.3,0.3,7.1
Kansas,95.4,2,1,0.3,2.2
Kansas,98,0.3,0.8,0.3,1.1
Kansas,92.2,5.7,0.5,0.4,2
Kansas,98.3,0.5,0.7,0.1,2.1
Kansas,96.5,1.6,0.5,0.4,10.4
Kansas,94.4,3.4,0.7,0.4,1.4
Kansas,88.3,2.1,7.3,0.5,2.4
Kansas,95.5,1.6,0.9,0.6,2.6
Kansas,97.6,1.3,0.6,0.2,3
Kansas,94.8,0.4,3.6,0,1.7
Kansas,92.7,0.8,3.4,0.4,1.3
Kansas,99.2,0.1,0,0.4,4.3
Kansas,98,0.3,1.2,0.4,5.3
Kansas,97.9,0.8,0.5,0.2,1
Kansas,98.4,0.4,0.2,0.5,0.9
Kansas,97.9,0.3,0.4,0.6,1.8
Kansas,98.9,0,0.2,0.7,2.1
Kansas,91.6,3.3,1.8,1.7,5.9
Kansas,93.4,2.1,1,1.9,3.1
Kansas,98.8,0.7,0,0.3,1.7
Kansas,97.3,0.9,0.4,0.3,3.3
Kansas,94.8,2.6,1.4,0.4,2
Kansas,87.5,4.1,2.1,3.8,3.6
Kansas,98.4,0.4,0.6,0.5,14
Kansas,97.1,0.2,1,0.3,2.3
Kansas,96.9,1,0.2,1.2,2.5
Kansas,94.9,4,0.5,0.3,3.9
Kansas,93.9,1.3,1.1,2.8,41.7
Kansas,94.3,2.1,0.6,2.2,45.9
Kansas,95.7,1.4,0.9,0.6,2.9
Kansas,72.5,17.5,0.9,4.3,7.2
Kansas,99.2,0.1,0,0.1,1.3
Kansas,96.2,3.3,0.2,0.3,0.8
Kansas,97.9,0.4,1,0.5,37.7
Kansas,98.7,0.3,0.6,0,12.7
Kansas,98.1,0.2,0.7,0.8,12
Kansas,97.4,0.3,1,0.2,2.4
Kansas,97.5,0.7,0.5,1.3,26.5
Kansas,97.6,0.4,0.9,0.5,1.5
Kansas,95.5,1.8,0.7,0.7,9.1
Kansas,97.8,0.2,0.7,0.7,27.1
Kansas,98.1,0.9,0.3,0,3.6
Kansas,90.7,1,6.3,0.3,2.7
Kansas,96.8,0.6,1.1,0.2,1.8
Kansas,99,0.1,0.4,0.1,0.7
Kansas,90.7,3.7,0.4,3.8,5.1
Kansas,97.3,0.6,1.2,0.4,27.8
Kansas,97.8,0.3,0.6,0.6,1.7
Kansas,98.4,0.3,0.9,0.4,3.1
Kansas,90.5,5,2,0.4,3.1
Kansas,98.8,0,0.1,0.1,2
Kansas,86.2,9.8,0.8,1.4,3.6
Kansas,98.5,0.2,0.6,0.1,1.8
Kansas,98,0.7,0.4,0.2,1
Kansas,98.5,0.6,0.1,0.1,2
Kansas,93.6,2.7,0.7,1.7,19.2
Kansas,97.4,1,0.3,0.4,2.3
Kansas,98.1,0.4,0.7,0.2,2
Kansas,98.4,0.3,0.4,0.3,0.8
Kansas,97.9,0.5,0.6,0.5,13.1
Kansas,96.2,1.6,0.6,0.3,1.8
Kansas,98,0.7,0.5,0.5,1
Kansas,87,6.2,3.3,0.7,3.1
Kansas,98.6,0.3,0.4,0.3,3.6
Kansas,96.7,0.3,1.4,1.2,14.1
Kansas,98.4,0.5,0.5,0.1,0.8
Kansas,96.2,1.1,0.8,0.4,2.8
Kansas,99.2,0.1,0.2,0.1,2.6
Kansas,94.4,4.3,0.5,0.7,2.5
Kansas,97.7,0.3,0.7,0.3,1.5
Kansas,98.9,0.1,0.2,0.4,0.4
Kansas,98.1,0.6,0.5,0.2,2
Kansas,92.7,5.3,1.1,0.7,4.6
Kansas,98.5,0.3,0.3,0.5,0.7
Kansas,97,0.8,0.6,0.5,2.6
Kansas,97.4,1.2,0.3,0.5,4.6
Kansas,98.9,0.4,0.3,0.1,1
Kansas,94.6,2.9,0.7,0.6,6.2
Kansas,98.7,0.4,0.4,0.2,1.1
Kansas,96.9,1.2,0.7,0.7,6.9
Kansas,86.7,6.9,0.6,3.7,4.6
Kansas,98,1.3,0.5,0.2,1.2
Kansas,98.8,0.3,0.5,0.2,1.5
Kansas,98.2,0.7,0.4,0.4,1.2
Kansas,92.3,3.3,0.6,2,7.4
Kansas,98.8,0.2,0.8,0.1,8.5
Kansas,83.4,9.3,1.1,3.8,9.6
Kansas,91.5,3.9,0.8,3.1,50
Kansas,86,9.1,1.4,1.2,8.1
Kansas,99.3,0.2,0.2,0.2,1.8
Kansas,98.5,0.5,0.3,0.4,8.4
Kansas,99,0.2,0.2,0.3,0.9
Kansas,98.6,0.2,0.3,0.2,7.2
Kansas,97.7,0.3,1.7,0.2,29.7
Kansas,97.1,1.1,1.1,0.4,25.5
Kansas,96.6,1,0.8,0.2,3.5
Kansas,97.9,0.7,0.4,0.5,2.2
Kansas,98.3,0.4,0.2,0.7,0.9
Kansas,98.2,0.5,0.5,0.3,2.2
Kansas,98,0.9,0.9,0.2,6.2
Kansas,99.2,0.1,0.5,0,1.1
Kansas,98.5,0.2,1,0,20.9
Kansas,97.3,0.6,1,0.4,2
Kansas,97.8,0.9,1.1,0.1,1.6
Kansas,68.3,27,0.8,1.8,21
Kentucky,95.8,3,0.2,0.4,0.7
Kentucky,97.9,1.3,0.1,0.2,0.9
Kentucky,96.8,2.4,0,0.3,0.9
Kentucky,95.5,3.7,0,0.2,0.8
Kentucky,94.8,3.9,0.2,0.5,1.2
Kentucky,97.5,1.7,0.3,0,0.9
Kentucky,96.2,2.6,0.2,0.4,0.7
Kentucky,94.5,2.4,0.2,1.8,2.4
Kentucky,91.7,6.9,0.1,0.3,3.5
Kentucky,95.9,2.9,0.1,0.4,1.5
Kentucky,88.6,9.1,0.4,0.9,1.8
Kentucky,98.9,0.6,0.3,0.1,0.5
Kentucky,98.9,0.4,0,0.5,0.7
Kentucky,96.2,2.8,0.2,0.1,0.9
Kentucky,97.8,0.8,0.3,0.3,0.9
Kentucky,98.7,0.6,0.1,0.2,1.6
Kentucky,94.5,4.8,0.1,0.2,0.6
Kentucky,93,4,0.2,2.1,1.5
Kentucky,96.2,2.1,0.2,0.7,1.1
Kentucky,98.1,1.1,0.4,0.1,1.3
Kentucky,96.3,1.9,0.3,0.6,3.9
Kentucky,98.9,0.2,0.3,0.2,0.6
Kentucky,98.9,0.4,0.3,0.1,2
Kentucky,73.5,22.4,0.4,1.3,4.5
Kentucky,94.2,4.8,0.2,0.3,1.3
Kentucky,94.3,5,0.2,0.1,1.4
Kentucky,98.9,0.1,0.2,0.6,2.5
Kentucky,98.8,0.6,0,0.1,0.5
Kentucky,95.8,3.4,0.1,0.2,0.7
Kentucky,93.4,4.7,0.1,0.6,1.2
Kentucky,98.6,0.6,0.4,0.2,0.9
Kentucky,99.7,0,0,0,0.6
Kentucky,99.2,0.2,0.2,0.1,0.7
Kentucky,81.7,13.6,0.2,3,4.8
Kentucky,97.7,1.5,0.1,0.2,0.8
Kentucky,97.9,1.4,0.1,0.3,0.7
Kentucky,88,9.5,0.1,1,2
Kentucky,75.5,23.4,0.1,0.3,0.8
Kentucky,97.2,1.7,0.1,0.3,2.2
Kentucky,96.5,3,0.1,0,1.7
Kentucky,98.5,0.4,0.2,0.5,1.2
Kentucky,93.7,4.6,0.3,0.3,4.4
Kentucky,98.5,0.6,0.1,0.2,1
Kentucky,97,2.5,0,0.1,1.1
Kentucky,98,0.7,0.2,0.5,0.6
Kentucky,98.4,1,0.3,0.2,1.3
Kentucky,83.3,11.7,0.4,2.2,3.3
Kentucky,95.8,2.5,0.4,0.5,0.7
Kentucky,96.6,2.3,0.3,0.3,1.6
Kentucky,93.8,5.4,0.2,0.2,1.1
Kentucky,91.3,7.4,0.1,0.4,1.4
Kentucky,95.2,3.5,0.3,0.4,2.7
Kentucky,89.1,9.8,0.2,0.1,1
Kentucky,92.2,6.2,0.2,0.5,1.2
Kentucky,99.4,0.1,0.2,0,0.5
Kentucky,76.6,20,0.2,1.7,2.3
Kentucky,94.4,3.4,0.2,0.9,1.4
Kentucky,99,0.3,0.1,0.3,0.7
Kentucky,93.6,4.2,0.1,0.9,1.4
Kentucky,98.7,0.8,0.1,0.2,0.7
Kentucky,97.8,1.1,0.2,0.2,0.7
Kentucky,95.6,3.4,0.2,0.2,1.1
Kentucky,97.6,0.8,0.4,0.4,0.6
Kentucky,99,0.2,0.3,0.1,0.4
Kentucky,95.3,4,0.3,0.1,0.5
Kentucky,99.5,0.1,0,0.2,0.6
Kentucky,98.9,0.6,0,0.3,0.5
Kentucky,99.2,0.3,0.2,0,0.5
Kentucky,97,2.5,0,0.1,1.4
Kentucky,99,0.2,0.4,0.1,0.8
Kentucky,91.3,7.3,0.2,0.2,1.6
Kentucky,92.1,7,0.3,0.4,0.8
Kentucky,86.9,10.9,0.2,0.6,1.2
Kentucky,98,0.8,0.4,0.1,0.7
Kentucky,99.2,0.4,0,0.1,1.3
Kentucky,93.3,4.2,0.3,1,1.2
Kentucky,99.4,0.2,0.2,0.1,0.5
Kentucky,89.8,8.8,0,0.8,1.2
Kentucky,98.7,0.2,0.1,0.2,0.8
Kentucky,99.5,0.1,0,0.1,0.7
Kentucky,91.6,7,0.1,0.5,1.1
Kentucky,92.8,4.5,0.7,0.7,2.4
Kentucky,98.4,1.4,0,0,1.1
Kentucky,94.2,3.8,0.2,0.9,1.7
Kentucky,97.5,1.9,0.2,0.1,0.7
Kentucky,96.5,2.8,0.1,0.2,2.3
Kentucky,95.8,3.3,0.1,0.1,1.3
Kentucky,95.2,4.5,0.1,0.1,0.7
Kentucky,94.7,4.7,0,0.1,0.8
Kentucky,93.3,5.3,0.1,0.8,1.1
Kentucky,98.8,0.8,0.2,0.2,0.6
Kentucky,98.3,0.9,0.1,0.2,1.3
Kentucky,93.7,4.4,0.3,0.7,1.9
Kentucky,97.9,1.1,0.3,0.2,1.1
Kentucky,99.5,0.1,0.1,0.1,0.7
Kentucky,98.9,0.5,0.1,0.1,0.8
Kentucky,97.4,1.6,0,0.7,0.6
Kentucky,98.5,0.5,0.1,0.4,0.7
Kentucky,99.1,0.7,0,0,0.7
Kentucky,97.3,1.3,0.2,0.5,1.2
Kentucky,99,0.3,0,0.7,1
Kentucky,99.2,0.2,0.1,0.1,0.6
Kentucky,96.3,1.6,0.2,1.2,1.3
Kentucky,98.9,0.7,0.1,0.2,0.9
Kentucky,92.4,5.4,0.2,0.9,2
Kentucky,89.3,8.2,0.4,1,7.9
Kentucky,88.2,9.8,0.1,1.1,1
Kentucky,97.1,1.6,0.2,0.1,1.1
Kentucky,93.9,5.3,0.1,0.3,1.4
Kentucky,90.7,8.6,0.2,0.2,1.9
Kentucky,89.6,9.3,0.1,0.4,1
Kentucky,98.8,0.3,0.4,0.1,1.4
Kentucky,85.1,13.6,0.2,0.3,1.6
Kentucky,87.9,8.8,0.2,1.7,3.3
Kentucky,91.3,7.4,0.2,0.5,1.9
Kentucky,97.6,1.5,0.2,0.1,2.4
Kentucky,95,4.3,0.1,0.3,4.2
Kentucky,98.3,0.4,0.3,0.3,0.9
Kentucky,99.5,0.3,0,0.1,0.7
Kentucky,93.3,5.5,0.1,0.4,4.7
Maine,96.2,1.4,0.3,0.7,1.2
Maine,96.9,0.5,1.3,0.6,0.9
Maine,95.3,1.5,0.3,1.6,1.2
Maine,98.1,0.4,0.4,0.5,0.7
Maine,97.7,0.3,0.4,0.6,0.8
Maine,97.6,0.5,0.4,0.7,0.9
Maine,98.4,0.3,0.2,0.4,0.7
Maine,98.8,0.2,0.3,0.3,0.6
Maine,98.4,0.3,0.3,0.4,0.7
Maine,96.8,0.6,1,0.8,0.8
Maine,98.4,0.3,0.6,0.3,0.5
Maine,96.9,1.1,0.4,0.6,1.5
Maine,98.1,0.3,0.4,0.5,0.5
Maine,98.3,0.2,0.3,0.3,0.6
Maine,93.8,0.4,4.6,0.4,1.1
Maine,97.6,0.5,0.2,0.9,1
Maryland,92.7,6,0.1,0.6,1
Maryland,80.5,14.7,0.3,2.9,3.5
Maryland,70.5,24,0.3,3.9,2.4
Maryland,84.6,12.9,0.3,1.1,2
Maryland,84,14,0.6,0.5,3.9
Maryland,94.7,3,0.2,1.3,1.5
Maryland,92.8,5,0.3,1,2
Maryland,60.3,34.6,0.7,2.4,3.1
Maryland,70.9,27.6,0.2,0.8,1.9
Maryland,87.2,7.8,0.3,3,4.5
Maryland,99,0.5,0,0.2,0.5
Maryland,84.8,11.5,0.2,2,2.3
Maryland,70.6,16.1,0.3,11,3.9
Maryland,82.7,15.8,0.2,0.9,3.3
Maryland,67.9,16.4,0.3,13.2,13.2
Maryland,27.7,66.1,0.4,4,10.4
Maryland,90.3,7.9,0.2,0.9,1.4
Maryland,81.7,14.3,0.4,2.1,2.3
Maryland,56.6,41.7,0.3,0.8,1.8
Maryland,84.2,14.3,0.2,1,2.6
Maryland,88.8,8.9,0.2,1.2,1.8
Maryland,73.1,23.8,0.3,1.8,2.8
Maryland,83.4,14.9,0.2,0.9,1.8
Maryland,31.7,64.9,0.3,1.9,2.2
Massachusetts,95.6,2.1,0.5,0.9,1.6
Massachusetts,95.2,2.3,0.2,1.2,2.3
Massachusetts,93.1,3.6,0.3,1.8,4.5
Massachusetts,93.3,3.1,1.8,0.8,1.4
Massachusetts,89.4,5.2,0.3,3.1,13.2
Massachusetts,95.9,1.2,0.3,1.4,2.3
Massachusetts,86.7,9.5,0.4,2,17.2
Massachusetts,92.4,2.4,0.2,3.8,3.7
Massachusetts,86.1,4.2,0.2,8.3,5
Massachusetts,89.2,9.5,0,1.2,4.4
Massachusetts,86.7,4.7,0.1,7.4,2.4
Massachusetts,89.3,8,0.2,1.2,2.7
Massachusetts,65.1,24.9,0.5,7.8,17.2
Massachusetts,91.2,3.7,0.3,3.7,7.6
Michigan,98.3,0.4,0.6,0.3,0.9
Michigan,88,6.4,3.6,0.4,1.2
Michigan,96.4,1.5,0.5,0.8,6.3
Michigan,98.2,0.4,0.4,0.4,0.7
Michigan,97.3,0.4,1,0.3,1.3
Michigan,95.7,2.1,1.1,0.3,1.5
Michigan,79.6,6.2,11.3,0.3,1.2
Michigan,97.8,0.4,0.4,0.3,1.8
Michigan,96.4,1.4,0.5,0.5,4
Michigan,96.6,0.5,1.8,0.2,1.7
Michigan,81.4,15.3,0.4,1.5,3.7
Michigan,94.8,3.4,0.5,0.5,4
Michigan,85.3,10.8,0.6,1.3,3.5
Michigan,90.9,5.8,0.9,0.7,2.7
Michigan,96.1,0.4,1.7,0.5,1.3
Michigan,95.6,0.3,2.2,0.2,0.9
Michigan,78,5.9,12.1,0.6,1.7
Michigan,98.1,0.5,0.5,0.3,1.1
Michigan,96.5,1.3,0.4,0.7,2.6
Michigan,95.9,2.5,0.7,0.4,1.5
Michigan,96,0.2,2.2,0.4,0.8
Michigan,98.1,0.2,0.5,0.5,0.7
Michigan,90.3,6.3,0.5,1.5,3.7
Michigan,94.6,0.6,3.2,0.5,1
Michigan,76.6,20,0.5,0.9,2.3
Michigan,98,0.3,0.6,0.3,1
Michigan,92.4,4.3,2.2,0.3,1.3
Michigan,96.6,0.8,1,0.6,1.8
Michigan,94.2,4.1,0.5,0.5,4.5
Michigan,98,0.6,0.3,0.4,1.4
Michigan,95.6,1.4,0.6,1.7,0.7
Michigan,98.4,0.2,0.3,0.5,1.8
Michigan,81.5,11,0.6,4.4,5.7
Michigan,92.8,5.1,0.6,0.3,2.9
Michigan,97,0.7,0.7,0.5,1.2
Michigan,96.8,1.4,1,0.2,0.6
Michigan,91.5,2.4,2.8,1.9,2.6
Michigan,89.4,7.9,0.4,0.7,2.5
Michigan,85.3,9.9,0.4,2.3,2.9
Michigan,97.7,0.5,0.7,0.3,1
Michigan,85.9,9.5,0.5,2.2,8.7
Michigan,97.8,1.9,0,0.1,0.5
Michigan,85.3,11.6,1.3,0.2,1.8
Michigan,97.3,1.1,0.4,0.5,3.6
Michigan,95,0.4,3.7,0.3,3.6
Michigan,95.8,2.2,0.5,0.6,7.2
Michigan,97.2,0.7,0.4,0.9,1.6
Michigan,83.7,8.4,5.8,0.5,1.8
Michigan,81.3,1,13.1,0.3,0.8
Michigan,89.6,5.6,0.3,2.9,1.9
Michigan,95.1,2.3,1.2,0.4,2.7
Michigan,95.3,1.6,1.6,0.6,0.8
Michigan,97,0.8,0.9,0.2,3.4
Michigan,92.8,4.1,0.6,1,1.4
Michigan,96.6,0.3,2.2,0.2,0.9
Michigan,95.8,1.2,0.4,1.8,1.7
Michigan,98.1,0.5,0.5,0.2,1.4
Michigan,95.7,2.2,0.3,0.6,2.4
Michigan,95.7,2.3,0.6,0.4,2.7
Michigan,98.6,0.4,0.4,0.1,0.7
Michigan,83,14,0.8,0.5,3.9
Michigan,96.5,1.3,0.8,0.3,4.7
Michigan,81.2,11.8,0.3,5.3,2.8
Michigan,97.2,0.6,1,0.3,13.8
Michigan,97.5,0.4,0.6,0.4,1.3
Michigan,98.1,0.4,0.7,0.2,0.8
Michigan,97.9,0.5,0.5,0.2,1
Michigan,98.3,0.3,0.8,0,1.2
Michigan,97.7,0.4,0.5,0.5,0.7
Michigan,94.8,1.3,0.4,2.4,7.5
Michigan,98.2,0.6,0.6,0.2,0.6
Michigan,98,0.6,0.6,0.3,1
Michigan,77.8,19.3,0.5,1,6.9
Michigan,95.6,2.2,0.5,0.5,2.5
Michigan,95.2,2.6,0.4,0.6,5.9
Michigan,98.1,0.5,0.3,0.3,2.7
Michigan,90,2,5.4,0.5,1
Michigan,98,0.3,0.4,0.3,2
Michigan,97,1.2,0.6,0.4,2.4
Michigan,92.3,4.8,0.9,0.4,8.7
Michigan,77.3,12.2,0.4,7.8,3
Michigan,53.7,42,0.4,2.3,4.4
Michigan,97.7,0.3,0.6,0.5,1.2
Minnesota,96.9,0.3,2.1,0.2,0.6
Minnesota,90.7,3.1,0.8,3.5,2.4
Minnesota,89.8,0.4,7.5,0.5,1
Minnesota,77.2,0.5,19.9,0.9,1.2
Minnesota,95.4,1.4,0.6,1.6,1.3
Minnesota,98.8,0.2,0.5,0.4,0.5
Minnesota,94.5,2.1,0.3,2.3,1.8
Minnesota,98.9,0.3,0.1,0.5,2.5
Minnesota,91.8,1.2,5.4,0.4,1
Minnesota,95.5,1.1,0.2,2.4,3.3
Minnesota,87.6,0.2,10.8,0.3,1.1
Minnesota,98.1,0.2,0.9,0.4,3.8
Minnesota,96.1,1.1,0.6,1.4,1.6
Minnesota,95.4,0.7,1.6,1.2,3.2
Minnesota,89.3,0.3,8.9,0.3,0.9
Minnesota,90.8,0.4,7.1,0.4,1.1
Minnesota,96.1,0.9,0.3,2.4,3.7
Minnesota,97.7,0.4,0.8,0.4,0.8
Minnesota,89.9,3.7,0.4,4.1,3.9
Minnesota,98.4,0.3,0.2,0.5,3.6
Minnesota,98.5,0.4,0.3,0.4,0.9
Minnesota,98.7,0.3,0.3,0.4,3.8
Minnesota,99.3,0.2,0.1,0.2,0.7
Minnesota,98,0.6,0.3,0.6,6.3
Minnesota,96.8,0.8,1.1,0.7,1.6
Minnesota,99,0.2,0.3,0.2,0.6
Minnesota,81,10.3,1.1,5.5,5.3
Minnesota,98.4,0.6,0.2,0.4,0.7
Minnesota,96.6,0.2,2,0.3,0.8
Minnesota,97.6,0.4,0.5,0.6,1.2
Minnesota,94.8,0.2,3.6,0.3,0.7
Minnesota,98,0.2,0.1,1.6,2.2
Minnesota,97.3,0.3,0.9,0.5,1
Minnesota,98.1,0.7,0.4,0.5,8.5
Minnesota,98.7,0.2,0.4,0.4,1.5
Minnesota,96,0.4,2.4,0.2,0.8
Minnesota,99.1,0.2,0.2,0.4,0.5
Minnesota,98.6,0.1,0.7,0.2,0.6
Minnesota,97.2,0.4,1.6,0.3,0.7
Minnesota,98.6,0.2,0.3,0.4,4
Minnesota,99.3,0.1,0.3,0.3,1
Minnesota,96.1,0.9,0.4,2.2,4.1
Minnesota,98.1,0.3,0.2,0.8,4.3
Minnesota,63.2,0.2,29.4,0.2,2.2
Minnesota,98.9,0.1,0.4,0.3,3.8
Minnesota,98.6,0.4,0.2,0.6,2.6
Minnesota,98.8,0.3,0.2,0.5,2.8
Minnesota,93.7,0.4,4.7,0.3,1.4
Minnesota,98.6,0.3,0.3,0.3,0.8
Minnesota,96.1,1.3,0.3,1.5,6.6
Minnesota,98.9,0.2,0.3,0.3,2.2
Minnesota,96.5,1.5,0.2,1.3,2.3
Minnesota,93.5,1.4,0.6,4,14.5
Minnesota,95.7,0.2,2.5,0.5,3.3
Minnesota,89.9,3.6,0.3,5.2,2.7
Minnesota,98.1,0.4,0.5,0.5,1.8
Minnesota,96.7,0.4,1.4,0.9,1.8
Minnesota,94.7,1.6,2.7,0.4,1.8
Minnesota,97.1,0.2,1.5,0.7,1
Minnesota,96.5,0.6,1.3,0.6,4.5
Minnesota,99,0.3,0.2,0.4,0.7
Minnesota,78.3,9.3,0.9,9.1,5.7
Minnesota,98.1,0.2,1.5,0.1,0.9
Minnesota,93.4,0.3,3.8,1.9,1
Minnesota,98.6,0.1,0.8,0.3,6.4
Minnesota,95.2,1.7,0.5,1.7,6.9
Minnesota,97.7,0.8,0.5,0.9,1.4
Minnesota,95.6,0.2,1.8,1.9,0.5
Minnesota,94.8,1,2.2,0.7,0.8
Minnesota,91,1.7,0.7,5,3.5
Minnesota,96.4,1.2,0.4,1.1,1.8
Minnesota,98.6,0.2,0.4,0.5,5.9
Minnesota,95.3,1.5,0.3,1.9,1.7
Minnesota,96.3,2.2,0.1,0.8,4.4
Minnesota,95.2,1.4,1.1,1.6,1.3
Minnesota,92.5,3.6,0.6,3,2.9
Minnesota,98,0.2,0.7,0.5,3.4
Minnesota,95.1,0,4.3,0.4,1.4
Minnesota,98.6,0.3,0.3,0.6,1.9
Minnesota,98,0.7,0.7,0.3,0.8
Minnesota,96,2.4,0.6,0.8,3.1
Minnesota,90.7,3,0.4,4.3,2.5
Minnesota,97.6,0.6,0.4,1.1,17.8
Minnesota,97.9,0.3,0.8,0.3,1.9
Minnesota,95.7,1,0.3,2.4,1.2
Minnesota,96.9,0.6,0.4,1.1,1.7
Minnesota,96.9,0.2,2.5,0.2,2.4
Mississippi,43.5,55.7,0.1,0.3,0.8
Mississippi,87.7,11.4,0.1,0.4,1.8
Mississippi,57.6,42,0.1,0.1,1.5
Mississippi,58.6,40.6,0.2,0.3,1.6
Mississippi,64.5,34.7,0.5,0.1,1.1
Mississippi,33.5,65.7,0.1,0.5,1.2
Mississippi,70.4,28.9,0.2,0.1,3.4
Mississippi,65.5,34.3,0,0.2,1
Mississippi,57.7,41.6,0.2,0.3,2.9
Mississippi,68,31.4,0.4,0.2,0.9
Mississippi,15.2,84.3,0,0.4,0.9
Mississippi,66,33.7,0.1,0.1,0.7
Mississippi,42.4,57.2,0,0.2,1
Mississippi,25.6,73.3,0,0.6,1.2
Mississippi,48.6,50.7,0,0.3,1.3
Mississippi,63.1,36.2,0.1,0.2,0.9
Mississippi,81,17,0.3,1,3.3
Mississippi,63.3,34.5,0.3,1.1,1.4
Mississippi,63.3,36.2,0.1,0.1,0.6
Mississippi,89.7,9.2,0.3,0.2,2.5
Mississippi,73,26.5,0.3,0.2,0.8
Mississippi,57.1,42,0.2,0.5,0.7
Mississippi,90.6,7,0.6,0.8,2.3
Mississippi,72.3,22.6,0.5,2.7,2.5
Mississippi,33.3,65.2,0.1,0.6,0.9
Mississippi,18.7,80.7,0.2,0.1,0.9
Mississippi,25.9,73.6,0.1,0.3,2.1
Mississippi,37.3,62.4,0,0,0.5
Mississippi,92.8,6.6,0.1,0.2,1.1
Mississippi,74.9,21.8,0.4,1.8,2.4
Mississippi,47,52.5,0,0.2,0.7
Mississippi,13.7,86,0.1,0.1,0.7
Mississippi,41.6,57.8,0.1,0.2,0.9
Mississippi,71.4,27.4,0.4,0.4,3.5
Mississippi,38.8,58.8,2.1,0.1,0.9
Mississippi,73.3,24.1,0.2,1.8,1.3
Mississippi,84.2,14.2,0.2,0.9,1.5
Mississippi,57.9,40.6,0.2,0.6,1.2
Mississippi,67.5,31.8,0.1,0.5,0.8
Mississippi,55.8,38.9,4.6,0.3,2.9
Mississippi,72.7,25.8,0.2,0.6,1.3
Mississippi,28.5,70.6,0.1,0.6,2.2
Mississippi,69.1,30.2,0.2,0.4,0.7
Mississippi,55.3,42.9,0.2,0.7,1.1
Mississippi,59.8,38,0.1,1.6,1.3
Mississippi,66.7,32.4,0.2,0.3,0.7
Mississippi,49.6,49.6,0.2,0.1,1.5
Mississippi,68.4,31,0.1,0.2,0.9
Mississippi,53.7,45.8,0.1,0.3,0.9
Mississippi,63.6,20.5,14.4,0.4,1.5
Mississippi,65.2,30.1,4.3,0.2,1.2
Mississippi,28.9,70.4,0.3,0.1,1.4
Mississippi,60.2,36.2,0.2,2.8,1.1
Mississippi,51.4,48,0.1,0.2,1.4
Mississippi,85.8,12.3,0.5,0.4,1.6
Mississippi,76,23.2,0.3,0.2,1.2
Mississippi,49.6,49.4,0.2,0.5,0.7
Mississippi,84.7,14.6,0.3,0.1,2.8
Mississippi,85.1,14,0.2,0.2,0.7
Mississippi,30.5,69,0.1,0.2,0.6
Mississippi,79.8,18.6,0.2,0.9,1.7
Mississippi,59.9,38.7,0.5,0.3,6.7
Mississippi,29.8,69.5,0.1,0.4,1.5
Mississippi,64.6,34.7,0.1,0.2,1.5
Mississippi,76.4,23.2,0.1,0.2,0.8
Mississippi,79.1,20,0.3,0.2,1.5
Mississippi,26.9,72.3,0.2,0.4,1.7
Mississippi,38.8,60.5,0.1,0.4,1
Mississippi,68.8,30.5,0.2,0.2,1.3
Mississippi,82,17,0.3,0.1,3.2
Mississippi,95.9,3.6,0.1,0.1,2.5
Mississippi,25.8,73.4,0.1,0.4,2.5
Mississippi,83.8,15.1,0.2,0.3,2.5
Mississippi,55.1,44.3,0.1,0.2,1.2
Mississippi,52.5,46,0.2,0.7,1.2
Mississippi,31.7,67.2,0.1,0.7,1.1
Mississippi,61.4,38.2,0.1,0.2,0.7
Mississippi,79.8,19.8,0.2,0.2,1.9
Mississippi,29.8,69.9,0.1,0,0.4
Mississippi,54.7,44.2,0.8,0.1,1.6
Mississippi,60.2,39.2,0.2,0.2,1
Mississippi,44.2,54.9,0.2,0.4,5.2
Missouri,95.8,1.4,0.3,1.8,1.7
Missouri,98.5,0.6,0.4,0.3,1.2
Missouri,97.3,2.1,0.2,0.3,0.8
Missouri,90.8,7.7,0.3,0.4,1
Missouri,96.8,0.3,0.9,0.8,6.9
Missouri,97.2,0.4,0.8,0.4,1.1
Missouri,97.6,0.8,0.5,0.3,1.4
Missouri,98.4,0.1,0.5,0.1,1.1
Missouri,98.2,0.3,0.6,0.2,0.5
Missouri,85.9,8.6,0.4,3.2,2.1
Missouri,93.2,4.5,0.5,0.6,2.5
Missouri,92.6,5.1,0.6,0.7,1.3
Missouri,99,0.2,0.2,0.2,0.9
Missouri,92.9,4.9,0.5,0.8,1.1
Missouri,98,0.4,0.3,0.4,1.4
Missouri,91.6,5.9,0.4,1,1.1
Missouri,97.1,1.9,0.3,0.1,1
Missouri,96.9,0.1,1.5,0.2,1.2
Missouri,94.6,2.8,0.6,0.7,2.9
Missouri,97.4,0.3,0.7,0.6,1.5
Missouri,96.3,3.2,0.2,0.1,0.7
Missouri,97.5,0.5,0.5,0.4,1.7
Missouri,99,0.2,0.3,0.1,0.8
Missouri,91.9,4,0.5,1.9,4.3
Missouri,96.8,1.5,0.3,0.4,1.4
Missouri,87.3,10.2,0.4,1.1,1.7
Missouri,89.6,8.9,0.4,0.4,1.4
Missouri,98.5,0.2,0.4,0.2,1.5
Missouri,98.1,0.4,0.6,0.2,1.2
Missouri,97.6,0.2,0.8,0.1,1.6
Missouri,99.2,0,0.4,0.3,0.9
Missouri,87.8,10.3,0.8,0.4,1.2
Missouri,97.4,0.4,0.9,0.3,0.8
Missouri,97.1,0.1,1.1,0.2,1.1
Missouri,89,9.4,0.3,0.3,3.9
Missouri,97.8,0.9,0.2,0.3,0.9
Missouri,98.9,0.2,0.1,0.3,0.8
Missouri,98.7,0.3,0.4,0.5,0.7
Missouri,93.9,2.5,0.7,1.3,2.2
Missouri,98.4,0.5,0.5,0.2,2.3
Missouri,98.9,0.2,0.1,0.2,1.3
Missouri,97.1,1.1,0.6,0.3,1.2
Missouri,98.6,0.1,0.3,0.1,1.1
Missouri,98.9,0.2,0.5,0.1,0.5
Missouri,92.6,6.3,0.3,0.1,0.9
Missouri,96.8,0.4,1,0.3,1.3
Missouri,97.4,1.7,0.2,0.1,0.6
Missouri,72.6,23.4,0.5,1.5,6.6
Missouri,94.1,1.7,1.3,0.9,5
Missouri,97.3,0.9,0.3,0.6,1.2
Missouri,91.7,4.1,0.7,1.9,2.7
Missouri,99.4,0.1,0,0.1,0.6
Missouri,97.2,0.6,0.5,0.4,1.6
Missouri,96.2,2.3,0.2,0.3,1.3
Missouri,97.4,0.4,0.8,0.3,4.6
Missouri,96,2.7,0.3,0.4,0.8
Missouri,96.4,1.9,0.4,0.2,1.5
Missouri,98.1,0.8,0.4,0.2,0.9
Missouri,96.1,2.7,0.4,0.4,1
Missouri,93.6,0.3,2.5,0.9,11.8
Missouri,96.1,2.5,0.4,0.2,0.9
Missouri,99,0.2,0.1,0.3,0.9
Missouri,98.2,0.4,0.6,0.1,1.3
Missouri,93.2,4.9,0.3,0.4,1.1
Missouri,98.9,0.2,0.8,0.1,0.4
Missouri,98.2,0.3,0.5,0.2,1
Missouri,77.9,20.7,0.4,0.4,1.2
Missouri,95.4,3.4,0.3,0.4,3.1
Missouri,95.3,3.7,0.5,0.1,0.8
Missouri,96.3,2.1,0.1,0.6,0.9
Missouri,98,0.5,0.6,0.2,0.9
Missouri,84.4,14.7,0.1,0.2,0.8
Missouri,94,0.8,2.1,1.2,2.8
Missouri,96.3,1.8,0.3,1.2,0.8
Missouri,95.3,0.1,2.5,0.2,1.2
Missouri,99.1,0.2,0.1,0.1,0.6
Missouri,98.5,0.2,0.5,0,1.1
Missouri,73.7,25.3,0.2,0.4,1.8
Missouri,98.4,0.2,0.3,0.8,0.8
Missouri,94.2,3,0.6,0.6,6
Missouri,94,1.9,0.5,2.1,1.6
Missouri,90.4,8.6,0.3,0.2,2.5
Missouri,91.9,4.4,0.4,1.9,3.9
Missouri,97.4,0.5,0.7,0.5,1.7
Missouri,80.8,12.6,0.9,2.7,6.4
Missouri,99.7,0,0,0.2,0.6
Missouri,98.4,1.1,0.1,0.1,0.6
Missouri,91.5,6.8,0.3,0.5,1.5
Missouri,97,1.5,0.3,0.2,1.3
Missouri,96.9,0.7,0.8,0.1,0.9
Missouri,97.1,0.1,1.3,0.4,1.3
Missouri,93.5,3.5,0.2,1.5,2
Missouri,97.9,0.4,0.5,0.5,1
Missouri,98.2,1,0.3,0.2,0.7
Missouri,95.2,3.2,0.4,0.5,1
Missouri,74.3,21.3,0.2,2.9,1.7
Missouri,92.5,5.4,0.4,0.6,5.7
Missouri,98.8,0,0.1,0.2,0.7
Missouri,99.4,0.2,0,0.2,0.8
Missouri,87.2,11.6,0.2,0.3,1.3
Missouri,95.7,0.2,1.6,0.1,1
Missouri,98.3,1.1,0.3,0.2,0.7
Missouri,97.5,1.2,0.3,0.1,1
Missouri,97.7,0.3,0.7,0.3,1.6
Missouri,98.5,0.8,0.3,0.2,11.7
Missouri,96.7,0.9,0.7,0.6,3.1
Missouri,94.5,2.4,1,0.3,1.1
Missouri,97.2,0.8,0.7,0.5,1.4
Missouri,96.3,2.3,0.3,0.2,2.1
Missouri,95.5,2.7,0.7,0.2,1
Missouri,97.6,0.4,0.4,0.2,0.5
Missouri,96.9,1.2,0.7,0.3,1.2
Missouri,98.7,0.6,0.5,0,0.3
Missouri,97.9,0.5,0.6,0.2,1.1
Missouri,45.6,50.7,0.3,2.1,2.4
Montana,97.4,0.2,1.6,0.2,3.3
Montana,35.8,0.1,61.4,0.4,4.1
Montana,50.4,0.3,48,0.2,1.5
Montana,97.9,0.4,1.2,0.2,1.4
Montana,98.4,0.2,0.6,0.3,2
Montana,99.2,0.1,0.4,0.3,0.7
Montana,91.1,1.2,4.6,0.8,2.6
Montana,84.1,0.1,15.5,0.3,0.7
Montana,97.4,0.1,1.5,0.4,1.7
Montana,97.2,0.2,1.4,0.5,1.7
Montana,98,0.3,1.4,0.1,1.3
Montana,95.5,0.3,2.4,0.4,1.9
Montana,98.8,0.2,0.6,0.4,0.6
Montana,96.8,0.1,1.7,0.3,1
Montana,96.7,0.3,1.2,0.5,1.8
Montana,96.6,0.4,1,0.9,2.2
Montana,98.6,0.1,1.2,0.2,0.4
Montana,34.5,0.1,63.3,0.1,2
Montana,98.2,0,1.4,0.2,1.4
Montana,97.3,0,1.2,0.2,1.3
Montana,78.4,0.2,19.3,0.3,1.7
Montana,96.7,0.2,1.4,0.4,1.7
Montana,99.1,0,0.4,0,0.8
Montana,73.1,0.3,23.5,0.3,3
Montana,95.6,0.3,2.1,0.6,1.7
Montana,99.5,0,0.1,0.4,0.2
Montana,96.2,0.2,1.5,0.4,1.8
Montana,97.1,0.6,1.3,0.4,1.2
Montana,98.3,0,0.7,0.2,2
Montana,98.5,0,1.1,0.2,1.4
Montana,95.3,0.2,2.1,0.5,2.4
Montana,94.4,0.3,2.5,1.2,1.8
Montana,97.6,0.1,1.5,0.2,1.9
Montana,97.3,0.5,0.9,0.4,2.5
Montana,98.9,0,1.1,0,1.5
Montana,90.9,0.2,7,0.4,1.3
Montana,82.7,0.2,16.2,0.1,1
Montana,98.1,0,1.9,0.1,1.4
Montana,93.6,0.6,3.8,0.4,2.3
Montana,99.2,0,0.5,0.2,0.6
Montana,97.4,0.2,1,0.4,2.4
Montana,97.5,0.2,1.8,0.2,2.8
Montana,38.2,0.2,59.2,0.6,2
Montana,62.5,0.3,35,0.6,2.9
Montana,93.1,0.2,4.5,0.3,2.1
Montana,97.2,0.3,1.6,0.3,1.4
Montana,95.7,0.3,2.2,0.5,2.9
Montana,97.7,0.2,1,0.3,2
Montana,97.9,0.1,0.5,0.7,1.7
Montana,96.8,0.2,1.6,0.3,1.2
Montana,93,0.2,4.8,0.3,2
Montana,97.4,0.1,1.9,0.4,1.9
Montana,88.2,0.2,9.9,0.3,0.9
Montana,97.3,0.2,1.4,0.4,1.3
Montana,98.9,0,0.5,0.2,0.5
Montana,93.6,0.5,3.5,0.6,3.8
Nebraska,95.5,0.9,0.5,2.5,5.9
Nebraska,99.4,0.1,0.3,0,1
Nebraska,98.4,0,0,1.3,1.9
Nebraska,99.6,0.1,0.1,0,6
Nebraska,99.4,0,0.6,0,0.2
Nebraska,99.8,0.1,0,0.1,1.3
Nebraska,94.5,0.5,3.2,0.6,9.1
Nebraska,99.2,0,0.6,0.2,0.1
Nebraska,99,0,0.2,0.4,1
Nebraska,97.6,0.7,0.4,0.6,5.2
Nebraska,98,0.3,1.1,0.2,1.4
Nebraska,99.2,0.1,0.2,0.2,2.3
Nebraska,97.9,0.5,0.2,0.5,1.8
Nebraska,99.3,0.1,0.2,0,0.6
Nebraska,99.4,0.2,0.1,0.2,4.3
Nebraska,93.4,0.1,4.3,0.7,1
Nebraska,97.6,0.2,0.8,1.1,4.6
Nebraska,98.8,0.3,0.4,0.3,4.2
Nebraska,98.2,0.1,0.4,1,31.6
Nebraska,99,0.2,0.5,0.2,7.9
Nebraska,98.8,0.2,0.6,0.2,1.3
Nebraska,91.5,1.5,2.4,3.3,28.8
Nebraska,93.5,1.2,3.9,0.3,2.6
Nebraska,97.1,1,0.7,0.7,29.8
Nebraska,98.7,0,0.5,0.5,2.8
Nebraska,98.9,0,0.6,0.4,7.5
Nebraska,97.7,0.7,0.4,0.7,6.5
Nebraska,83.8,11.7,0.6,2.2,8.6
Nebraska,98.2,0,0.8,0.7,3.6
Nebraska,98.9,0.3,0.7,0.1,2.5
Nebraska,99.3,0,0.4,0.1,0.7
Nebraska,98.9,0.1,0.3,0.3,1.2
Nebraska,98.8,0.1,0.4,0.3,1.3
Nebraska,98,0.4,0.4,0.5,1.3
Nebraska,99.3,0.1,0.2,0.3,1.8
Nebraska,99.3,0,0.2,0.1,1.2
Nebraska,99.4,0,0.1,0.4,1.3
Nebraska,99.7,0,0.1,0.1,1.5
Nebraska,99,0.7,0,0.1,1.1
Nebraska,96.4,1.2,0.4,1.3,18.2
Nebraska,99.2,0.2,0.1,0.2,1.3
Nebraska,99.6,0.1,0,0.1,0.9
Nebraska,99.2,0.2,0,0.3,3
Nebraska,99.1,0.1,0.3,0.2,1.7
Nebraska,99.2,0.1,0.3,0.3,1.3
Nebraska,99.2,0,0.3,0.1,1.1
Nebraska,98.8,0.5,0.2,0.4,1.4
Nebraska,98.5,0.1,0.7,0.4,1.4
Nebraska,95.8,0.4,0.4,3.1,5.6
Nebraska,99.1,0.3,0.2,0.2,2.5
Nebraska,98.4,0.2,0.9,0.3,4.1
Nebraska,99.8,0,0.2,0,4.7
Nebraska,98.7,0.3,0.6,0.1,4.2
Nebraska,91.6,0.1,8,0.3,1.3
Nebraska,91.6,3,0.7,3.2,4.1
Nebraska,97.2,0.9,0.7,0.4,5.4
Nebraska,98.8,0.1,1.1,0,0.9
Nebraska,99.4,0,0.3,0.1,1.9
Nebraska,99.6,0,0,0.4,1.6
Nebraska,95.3,1.9,1.4,0.7,12.2
Nebraska,99.2,0.3,0.2,0.2,2.3
Nebraska,98.6,0.1,0.8,0.4,10.1
Nebraska,99.4,0,0.4,0,1.4
Nebraska,98.1,0.5,0.4,0.7,1.4
Nebraska,99.5,0.1,0,0.3,1.5
Nebraska,98.4,0.4,0.3,0.3,3.2
Nebraska,99.3,0,0.2,0.2,0.9
Nebraska,99,0.1,0.3,0.3,2.7
Nebraska,98.8,0.2,0.3,0.3,2.8
Nebraska,99.2,0.1,0.4,0.2,0.8
Nebraska,97.9,0.5,0.3,0.5,9.5
Nebraska,99.4,0.1,0.3,0,2.3
Nebraska,98.5,0.3,0.5,0.2,3
Nebraska,95.8,0.3,2.3,0.3,1.2
Nebraska,99,0,0.6,0.3,0.6
Nebraska,96.4,1,0.4,1.6,15.2
Nebraska,91.5,4,0.4,2.2,5.2
Nebraska,98.9,0.2,0.3,0.3,1.5
Nebraska,95.8,0.5,2.2,0.7,18.5
Nebraska,98,0.4,0.2,0.6,1.4
Nebraska,87.6,0.1,10.3,0.2,1.4
Nebraska,99.4,0.1,0.1,0.3,1
Nebraska,99.6,0,0.1,0.2,2.5
Nebraska,98.5,0.4,0.5,0.2,2.8
Nebraska,99.4,0,0.3,0.1,1.2
Nebraska,99.5,0,0.5,0,1.1
Nebraska,44.8,0.6,53.4,0.1,3.3
Nebraska,98.9,0.2,0.4,0.2,1.7
Nebraska,98.5,0.5,0.2,0.5,1.1
Nebraska,97.8,0.9,0.4,0.5,3.2
Nebraska,98.6,0.2,0.2,0.7,0.7
Nebraska,99.8,0,0.2,0,0.6
Nebraska,96.7,1.5,0.4,0.8,2.5
Nevada,88,1.6,5,3.2,9.8
Nevada,78.9,10.1,1,7.3,25.6
Nevada,94.5,0.7,1.5,1.8,8.1
Nevada,91.4,0.9,5.6,1,21.6
Nevada,93.1,0.1,5.7,0.3,11.7
Nevada,95.8,0.4,1,1.3,12.7
Nevada,92.3,0.6,5,0.8,20
Nevada,93.9,0.5,4.7,0.4,16.9
Nevada,95.3,2,1.9,0.4,5.8
Nevada,92.8,1.2,2.4,1.3,12.4
Nevada,77.4,4.5,16.3,1.1,9.8
Nevada,93.1,1.7,1.8,1.5,10.9
Nevada,89.5,5.8,3,1,19.9
Nevada,95.5,0.3,1.3,1.9,6.9
Nevada,87.8,2.4,2,5.5,19.7
Nevada,90.2,4.5,3.5,1.1,11.4
Nevada,92,2.2,2.1,2.4,18.4
New Hampshire,97.6,0.5,0.3,0.8,0.8
New Hampshire,98.3,0.3,0.2,0.5,0.8
New Hampshire,97.7,0.6,0.3,0.7,1
New Hampshire,98.2,0.3,0.3,0.4,0.9
New Hampshire,95.9,0.7,0.3,2,1.3
New Hampshire,94,1.7,0.2,2.9,4.1
New Hampshire,96.8,0.7,0.3,1.2,1.3
New Hampshire,96.8,0.8,0.2,1.5,1.7
New Hampshire,96,0.9,0.3,1.8,1.3
New Hampshire,98.3,0.3,0.2,0.5,0.9
New Jersey,74,17.9,0.3,6.4,13.7
New Jersey,79.2,5.9,0.2,13.6,13.1
New Jersey,77.6,16.6,0.2,3.7,4.8
New Jersey,73.4,20.3,0.3,4.6,11.1
New Jersey,93.3,5,0.2,0.8,3.9
New Jersey,74.3,21.7,1,1.4,21.7
New Jersey,51.4,42.6,0.3,4.4,17.2
New Jersey,86.9,9.9,0.2,2,3.1
New Jersey,71.1,15.1,0.6,11.1,40.1
New Jersey,93.4,2.8,0.2,3,3.6
New Jersey,70,20.6,0.2,7.8,11.6
New Jersey,69.5,10.4,0.3,18.3,15.9
New Jersey,85.8,8.1,0.2,4.9,7.5
New Jersey,87.7,3.1,0.2,8,9.6
New Jersey,94,3.4,0.2,1.6,6.2
New Jersey,78.1,15.3,0.7,4.6,33.3
New Jersey,82.7,15.1,0.4,0.8,4.7
New Jersey,78.3,8.8,0.2,11.7,11
New Jersey,95.7,1.6,0.1,1.7,5.1
New Jersey,71.4,22.6,0.4,4.5,23.4
New Jersey,93.9,3,0.1,2.2,5.5
New Mexico,87.6,3.3,4.9,2.3,43.5
New Mexico,95.4,0.5,2.6,0.8,19.3
New Mexico,94.2,2.6,1.3,0.9,46.5
New Mexico,55.7,1.5,41.5,0.5,33.2
New Mexico,96.5,0.5,1.9,0.4,46.7
New Mexico,86,7.4,1.5,2.6,33.3
New Mexico,98.3,0.2,1.1,0.2,34.9
New Mexico,93.6,2.4,1.6,1.1,64.2
New Mexico,95,1.9,1.5,0.8,40.8
New Mexico,95.9,1.1,1.5,0.6,47.8
New Mexico,96.2,1.5,1.3,1,79.2
New Mexico,97.7,0.4,1.8,0,43
New Mexico,97.7,0.6,0.9,0.7,55.8
New Mexico,92.1,5.1,1.2,0.6,44.2
New Mexico,95.4,1.2,2.3,0.4,27.5
New Mexico,92,0.6,0.8,4.9,13.2
New Mexico,95.8,1.8,1.2,0.5,59.3
New Mexico,20.6,0.6,76.8,0.6,11.3
New Mexico,98,0.4,1.4,0.2,78.7
New Mexico,86,4.3,6.2,1.6,33.4
New Mexico,95.5,1.1,1.6,1.6,38.1
New Mexico,82.8,0.7,15.5,0.5,71.5
New Mexico,94.9,2.3,1.4,0.8,35.3
New Mexico,79.4,2.2,15.5,1.3,31.2
New Mexico,56.1,0.8,40.9,0.5,15.9
New Mexico,94.9,1.2,2.2,0.9,77
New Mexico,92.8,1.1,3.5,1.2,49
New Mexico,96.7,0.5,1.9,0.3,28.7
New Mexico,83.7,1.1,12.4,1.8,46.6
New Mexico,90.7,0.7,7.1,0.7,55
New Mexico,92.7,3,2.5,0.5,38.1
New Mexico,98.1,0,1.2,0.7,36.2
New Mexico,92.2,1.8,3.9,0.8,55
New York,66.5,19.8,0.7,10.9,25
New York,82.4,12.1,0.2,3.8,3.5
New York,97,1.1,0.3,1,1.1
New York,49.6,42.5,1.2,4,49.5
New York,90.9,4.1,0.2,3.4,2.3
New York,94.8,1.3,2.5,0.6,1.1
New York,94.4,4.1,0.3,0.4,2.1
New York,95.8,2.4,0.5,0.5,4.5
New York,91.5,6.1,0.3,1,2
New York,97.9,1,0.2,0.4,1.6
New York,94.4,3.8,0.4,0.8,2.7
New York,92.6,4.9,0.3,1.3,3
New York,97,1.3,0.2,0.6,1.7
New York,96.7,1.8,0.3,0.6,2.6
New York,85,10.2,0.3,3.2,7.9
New York,83,13.6,0.6,1.8,3.5
New York,95.2,3.3,0.3,0.7,2.4
New York,86.2,7.2,5.7,0.4,4
New York,96.4,2,0.2,0.8,1.9
New York,95.3,2.6,0.7,0.6,1.9
New York,92,6.2,0.3,0.7,4.8
New York,98.2,1.1,0.2,0.2,1.4
New York,97.6,0.9,0.2,0.6,1.3
New York,91.1,5.6,0.5,1.4,4.1
New York,50.6,38.3,0.5,9,19.5
New York,98.3,0.9,0.3,0.3,0.8
New York,95,3.1,0.3,0.9,2.3
New York,96.4,1.7,0.6,0.7,1.2
New York,80.8,14.7,0.3,2.8,5.5
New York,96.3,1.8,0.3,0.8,7.9
New York,80.8,11.3,0.2,6.6,11.6
New York,66.5,19.8,0.7,10.9,25
New York,90.6,6.5,1,0.8,1.4
New York,91.3,6.1,0.2,1.4,3.6
New York,84.7,10.2,0.9,2.5,2.6
New York,95.7,2.3,0.2,0.9,2.3
New York,85.5,10.2,0.4,2.3,14.6
New York,91.2,7.2,0.5,0.4,3.8
New York,97.5,0.8,0.4,0.5,1.4
New York,96.1,2,0.2,0.9,2.1
New York,94.4,2.6,0.2,1.9,9.1
New York,55.1,21.1,0.7,21,25.7
New York,90.9,5.6,0.2,2.2,2.5
New York,80.3,10.8,0.4,7.3,14.3
New York,80.2,11.9,0.3,6.5,12.1
New York,95.1,2.5,0.9,0.9,1.9
New York,95.8,1.5,0.2,1.6,1.8
New York,86,8.6,0.3,3.4,3.8
New York,97.2,1.4,0.4,0.5,2
New York,96.8,1.7,0.5,0.4,1.3
New York,93.2,4.9,0.2,1,2.8
New York,96.5,1.5,0.3,1.1,1
New York,87.4,7.8,0.3,3.3,12.5
New York,87.7,9.5,0.2,1.5,10.8
New York,97.5,0.8,0.2,0.8,1.3
New York,84.3,3.8,0.3,9.7,3.5
New York,90.6,6.2,0.3,1.6,6.7
New York,97.6,0.8,0.2,0.7,1.5
New York,95.6,3.3,0.2,0.4,2.4
New York,94.8,3.2,0.3,0.6,2.9
New York,77.8,14.9,0.4,5.6,17.8
New York,93.1,5.8,0.3,0.5,3.1
New York,98.7,0.7,0,0.3,1.2
North Carolina,78.5,18.9,0.5,1.2,9.8
North Carolina,92.9,5.3,0.1,1.1,3.1
North Carolina,97.9,1.5,0.3,0.3,7.8
North Carolina,49.8,48.6,0.6,0.8,1.2
North Carolina,98.4,0.8,0.4,0.2,3.1
North Carolina,94.8,3.9,0.4,0.5,3.2
North Carolina,71.1,28,0.2,0.3,3.8
North Carolina,36.4,62.7,0.5,0.2,1.2
North Carolina,60.3,36.8,2.3,0.3,5
North Carolina,85.4,12.6,0.8,0.5,3.4
North Carolina,90.2,7.3,0.4,1,3.7
North Carolina,88.5,6.7,0.5,3.7,4.6
North Carolina,82.9,14.5,0.4,1.4,7.6
North Carolina,93.3,5.4,0.2,0.5,3.6
North Carolina,84,14.4,0.3,0.9,1.2
North Carolina,90.8,7,0.5,0.7,2
North Carolina,64.6,34.7,0.2,0.2,2.6
North Carolina,87.4,8.3,0.3,3.1,8
North Carolina,82.6,14.2,0.4,2.1,11.3
North Carolina,95.2,1.9,1.5,0.4,1.2
North Carolina,62.7,36.4,0.3,0.3,2.1
North Carolina,98.2,1,0.4,0.1,0.9
North Carolina,77.6,20.9,0.2,0.8,1.6
North Carolina,64.9,31.1,3.2,0.2,2.8
North Carolina,72.3,24.6,0.5,1.3,3.5
North Carolina,56.2,36.7,1.7,2.4,6
North Carolina,91.1,7,0.4,0.7,1.9
North Carolina,95.5,3,0.3,0.5,3.1
North Carolina,88.5,9.3,0.5,1,5.2
North Carolina,91.6,6.8,0.3,0.6,5.2
North Carolina,71.5,27.5,0.4,0.4,18.9
North Carolina,56.2,38,0.4,4.1,10.8
North Carolina,41.6,57.5,0.3,0.3,3.7
North Carolina,71.3,25.9,0.4,1.4,9.3
North Carolina,70.7,27.9,0.5,0.4,6.6
North Carolina,83.1,14.7,0.3,1.1,4.8
North Carolina,62.3,36.3,0.5,0.6,0.8
North Carolina,91.6,0.5,7.2,0.4,0.9
North Carolina,63.8,34.2,0.7,0.6,5.7
North Carolina,59,40.2,0.4,0.1,10.8
North Carolina,64.3,30.9,0.5,3.2,5.2
North Carolina,41.6,53.9,3.5,0.6,1.1
North Carolina,74.3,22.4,0.9,1,8
North Carolina,97.1,1.4,0.6,0.4,1.7
North Carolina,95.2,3.1,0.3,0.7,7.9
North Carolina,35.5,62.3,1.3,0.6,1.8
North Carolina,50.6,36.3,10.1,1.2,9.6
North Carolina,63.9,35.3,0.4,0.4,1.8
North Carolina,84.7,12.8,0.3,1.5,4.8
North Carolina,85.6,2.3,10.5,0.6,2
North Carolina,82.1,16.2,0.5,0.6,10
North Carolina,64.8,34.1,0.4,0.3,3.5
North Carolina,78,20.2,0.6,0.8,14.1
North Carolina,57.8,41.2,0.2,0.5,4.2
North Carolina,92.3,6.3,0.3,0.4,8.1
North Carolina,94.2,4,0.3,1,4.2
North Carolina,96.9,1.6,0.4,0.6,2.3
North Carolina,98,1,0.3,0.4,1.6
North Carolina,54.3,44.8,0.4,0.4,2.3
North Carolina,64.8,29.8,0.4,3.9,8.9
North Carolina,98.5,0.4,0.6,0.2,2.9
North Carolina,77.4,19.7,0.7,1.8,14.1
North Carolina,82.8,14.9,0.8,0.7,5
North Carolina,61.7,36.4,0.6,0.7,4.2
North Carolina,81.2,16.3,0.4,1.1,2.7
North Carolina,40.2,58.9,0.4,0.3,0.8
North Carolina,75.8,17.8,0.9,2.2,6.3
North Carolina,79,13.3,0.5,5.7,5.1
North Carolina,75.8,23,0.6,0.5,1.4
North Carolina,57.9,39.5,0.4,1.2,1.8
North Carolina,78,20.7,0.5,0.3,4.6
North Carolina,74.2,25.2,0.1,0.2,0.7
North Carolina,70.4,28.3,0.6,0.2,2.4
North Carolina,63.4,34.1,0.3,1.2,4.1
North Carolina,93.3,5.6,0.3,0.3,3.2
North Carolina,92.3,5.6,0.5,0.8,9.3
North Carolina,65.5,30.9,1.9,0.8,3.9
North Carolina,35.5,24.3,38.5,0.6,7.3
North Carolina,79.1,19.6,0.3,0.4,4.4
North Carolina,82.2,15.8,0.4,0.9,5.6
North Carolina,87.5,11.2,0.3,0.4,2.2
North Carolina,67.5,28.9,1.8,1.1,14.9
North Carolina,50.2,38.2,9.8,0.6,1.2
North Carolina,86,11.6,0.3,1.7,3.1
North Carolina,94.2,4.9,0.3,0.3,2.1
North Carolina,94.8,4,0.3,0.5,8.5
North Carolina,68.2,2.4,27.3,0.3,1.8
North Carolina,93.7,4.6,0.3,0.6,1.1
North Carolina,59.5,38.6,0.2,1.4,6.4
North Carolina,85.6,11.9,0.5,1.2,8.7
North Carolina,48.9,50.1,0.2,0.5,5.6
North Carolina,73.2,20.6,0.4,4.4,7.3
North Carolina,39.9,54.7,4.8,0.2,2.2
North Carolina,48.8,50.2,0,0.6,2.7
North Carolina,96.4,1.9,0.3,0.9,1.8
North Carolina,64.4,33.3,0.5,0.8,6.5
North Carolina,94.3,4.2,0.2,0.8,4.5
North Carolina,58.9,39.5,0.3,0.7,8
North Carolina,95.6,3.6,0.2,0.3,8.5
North Carolina,98.3,1,0.4,0.2,4.4
North Dakota,98.2,1.1,0.3,0.4,0.3
North Dakota,97.8,0.8,0.8,0.3,0.7
North Dakota,48.1,0.1,51.2,0.2,2.4
North Dakota,99.5,0,0.1,0,0.5
North Dakota,96.9,0.3,1.8,0.5,0.6
North Dakota,99.5,0,0.2,0,0.7
North Dakota,99.3,0.3,0.2,0.1,0.6
North Dakota,94.4,0.3,3.9,0.5,0.8
North Dakota,95.2,1.3,1.2,1.2,1.5
North Dakota,98.8,0.2,0.5,0.1,0.7
North Dakota,97.8,0.1,0.6,0.9,2.3
North Dakota,99.1,0,0.2,0.7,0.8
North Dakota,86.8,0.1,12.9,0.2,1.1
North Dakota,95.8,0.1,3.7,0.2,1
North Dakota,99.4,0.1,0.1,0.4,1.5
North Dakota,99.1,0.1,0.5,0,0.9
North Dakota,98.4,0.2,0.9,0.1,1.2
North Dakota,93.1,1.3,2.7,1.3,2.3
North Dakota,97.9,0,1.6,0.3,1.1
North Dakota,99.4,0,0.4,0.2,0.6
North Dakota,98.4,0.2,1.2,0.2,0.3
North Dakota,99.5,0.2,0.2,0.1,1.5
North Dakota,99.5,0.1,0.2,0.1,0.5
North Dakota,98.9,0.1,0.1,0.4,0.8
North Dakota,99,0.2,0.5,0,0.8
North Dakota,99.2,0,0.1,0.4,1
North Dakota,76.9,0.3,22,0.2,1.1
North Dakota,92.6,0,6.2,0.2,1.5
North Dakota,95.9,0,2.6,0.7,0.6
North Dakota,95.1,0.2,2.9,0.5,0.9
North Dakota,66.9,0.2,31.7,0.3,2.6
North Dakota,98.6,0.2,0.6,0.5,0.7
North Dakota,97.2,0.2,2.1,0.1,0.7
North Dakota,96.2,0.5,1.8,0.3,3.5
North Dakota,97.7,0.3,1.4,0.4,0.8
North Dakota,90.2,0.4,7.5,0.5,0.7
North Dakota,98.8,0.2,0.3,0.3,1.3
North Dakota,97.9,0.8,0.6,0.6,0.8
North Dakota,95.9,0.5,2.5,0.4,1.4
North Dakota,25.1,0.1,72.8,0.5,0.9
North Dakota,98.8,0.2,0.5,0,0.9
North Dakota,99.3,0.1,0.5,0,0.3
North Dakota,17.4,0.2,82.1,0,1.7
North Dakota,99.9,0,0.1,0,0
North Dakota,97.9,0.2,1,0.3,1.4
North Dakota,98.9,0.2,0.8,0,0.2
North Dakota,97.5,0.4,1.3,0.5,1.1
North Dakota,97.4,0.1,2.4,0.1,0.2
North Dakota,98.6,0.2,0.9,0.2,2.4
North Dakota,97.7,0.4,1.3,0.3,7.7
North Dakota,92.8,2.2,2.3,0.9,2.5
North Dakota,99.1,0.2,0.3,0.3,0.5
North Dakota,92.7,0.2,4.8,0.3,1.2
Ohio,98,0.3,0.6,0.1,0.7
Ohio,85.7,11.8,0.2,0.8,1.6
Ohio,97.7,1,0.1,0.7,0.7
Ohio,95,3.3,0.2,0.3,2.6
Ohio,93.8,2.3,0.3,2.3,1.1
Ohio,98.1,0.3,0.2,0.5,0.8
Ohio,94.6,4.2,0.1,0.4,0.5
Ohio,98,1.1,0.2,0.2,0.4
Ohio,90,6.6,0.2,2,2.1
Ohio,98.5,0.6,0.3,0.1,0.7
Ohio,95.8,2.5,0.3,0.4,0.8
Ohio,88.5,9,0.3,0.6,1.5
Ohio,96.9,1.3,0.2,0.8,1.1
Ohio,95.9,2.4,0.2,0.6,1.2
Ohio,96.4,2.4,0.2,0.3,1.3
Ohio,97.5,1.2,0.2,0.4,0.7
Ohio,98.3,0.7,0.2,0.4,1
Ohio,67.2,29.1,0.2,2.2,3.7
Ohio,98.4,0.5,0.2,0.3,1
Ohio,96.9,1.7,0.3,0.4,7.5
Ohio,91.3,3.6,0.1,3.6,1.6
Ohio,89.4,8.5,0.2,0.5,2.4
Ohio,91.8,5.9,0.2,1,1.2
Ohio,96.3,2.3,0.1,0.5,1.3
Ohio,74.2,19.8,0.3,3.6,3.1
Ohio,98.1,0.4,0.3,0.5,6.2
Ohio,95.5,2.8,0.4,0.4,0.8
Ohio,97.3,1.5,0.1,0.5,0.7
Ohio,89.1,6.4,0.3,2.5,1.6
Ohio,96.5,1.7,0.3,0.3,0.8
Ohio,71.9,24.8,0.2,1.8,1.4
Ohio,96,1.4,0.2,1.6,3.2
Ohio,97.7,0.9,0.2,0.5,0.9
Ohio,96.9,2.1,0.1,0.1,0.3
Ohio,98.2,0.8,0.2,0.5,5.8
Ohio,97.1,1.5,0.2,0.5,0.6
Ohio,97.5,1.1,0.2,0.2,0.6
Ohio,99.2,0.4,0,0.1,0.8
Ohio,97.6,1,0.2,0.3,4.5
Ohio,98,0.7,0.4,0.3,1.2
Ohio,92.8,5.8,0.2,0.4,0.7
Ohio,97.8,0.9,0.1,0.4,0.8
Ohio,95.1,2.6,0.1,1.2,2.5
Ohio,96.6,2.1,0.1,0.4,0.6
Ohio,95.4,2.5,0.3,0.7,0.9
Ohio,96.4,1.7,0.2,0.5,0.8
Ohio,88.3,8.6,0.3,0.9,7
Ohio,78.7,17.8,0.3,1.4,4.9
Ohio,91.7,6.7,0.2,0.7,0.9
Ohio,82.1,15.9,0.2,0.7,3.2
Ohio,92.4,6.1,0.2,0.6,1.3
Ohio,97,1.1,0.2,0.9,1.1
Ohio,98.1,0.9,0.1,0.2,0.5
Ohio,98.8,0.2,0.2,0.5,1.4
Ohio,95.7,2,0.2,1.1,1.1
Ohio,99.2,0.3,0.1,0.1,0.4
Ohio,76.1,20.7,0.2,1.5,1.5
Ohio,94.2,3.3,0.2,0.1,0.4
Ohio,98.4,0.5,0.3,0.2,0.9
Ohio,93.9,4.1,0.2,0.4,0.6
Ohio,92.4,7.1,0.2,0.2,0.6
Ohio,98.2,0.8,0.3,0.3,3.8
Ohio,97.7,1.2,0.2,0.2,3.3
Ohio,98.7,0.3,0.2,0.1,0.5
Ohio,93.5,5.2,0.3,0.3,0.8
Ohio,96.9,1,0.7,0.3,0.7
Ohio,93.8,3.6,0.2,1.2,0.8
Ohio,98.4,0.5,0.2,0.4,0.6
Ohio,99.1,0.3,0.2,0.2,4.7
Ohio,88.4,9.5,0.2,0.6,1
Ohio,91.9,6.4,0.3,0.4,0.8
Ohio,95.5,2.9,0.1,0.4,7.4
Ohio,95.2,2.6,0.7,0.4,0.7
Ohio,96.4,1.9,0.2,0.5,3.7
Ohio,95.9,1.7,0.2,1.1,1.1
Ohio,90.2,7.5,0.2,0.7,1
Ohio,82.8,13.9,0.2,1.8,1.1
Ohio,90.3,8.2,0.2,0.4,0.9
Ohio,97.9,0.8,0.2,0.3,1
Ohio,95.1,3.1,0.1,0.9,1.1
Ohio,98.2,0.9,0.1,0.2,1.8
Ohio,98.5,0.4,0.5,0.1,0.6
Ohio,92.9,3.2,0.1,2.8,1.5
Ohio,97.5,1.1,0.2,0.5,0.6
Ohio,96.8,1.5,0.2,0.8,1
Ohio,97.9,0.9,0.3,0.5,3
Ohio,96.1,1.6,0.3,1.2,3.7
Ohio,98.9,0.3,0.1,0.5,1.8
Oklahoma,74.3,15.4,3.6,3.3,10.9
Oklahoma,51,0.3,42.3,0.3,3.4
Oklahoma,91.2,4.6,3,0.2,3.1
Oklahoma,77.3,5.9,11.5,0.3,2.4
Oklahoma,97.6,0.5,1.3,0.2,13.9
Oklahoma,93.7,2.4,2.1,0.5,6.3
Oklahoma,77.4,8.6,9.2,2.5,7.7
Oklahoma,81.4,1.6,12.3,0.6,3.6
Oklahoma,68.6,3.3,24.2,0.3,7.4
Oklahoma,88.1,2.5,4.5,2.5,4.7
Oklahoma,79.1,7.7,8.5,0.7,3.6
Oklahoma,58.5,1.6,32.7,0.4,5.1
Oklahoma,69.6,11,15,0.2,2.2
Oklahoma,97.3,0.8,1.2,0.2,19.2
Oklahoma,84,4.3,4.4,3.4,4.8
Oklahoma,76.6,0.6,17.6,0.3,2.3
Oklahoma,67.8,19.1,5.8,2.6,8.6
Oklahoma,86.6,3.5,7.8,0.2,5.4
Oklahoma,70.4,3.1,16.3,0.3,1.6
Oklahoma,83.2,2.7,9,0.4,2.2
Oklahoma,87.8,3,5.7,1.3,10.8
Oklahoma,71.1,0.3,22.3,0.5,2.1
Oklahoma,93,0.2,5.3,0.1,3.2
Oklahoma,98.1,0,1.3,0.1,3.2
Oklahoma,90.5,3.4,2.3,1.5,5.9
Oklahoma,86.5,2.9,7.6,0.3,4.2
Oklahoma,88.6,3.1,5.1,0.4,3.6
Oklahoma,96,0.1,2.9,0.3,2.2
Oklahoma,85.4,10.4,2.8,0.3,8.1
Oklahoma,87.4,10.4,1.6,0.5,22.6
Oklahoma,98.7,0,1.1,0.2,10.1
Oklahoma,79.6,0.7,14.5,0.3,1.9
Oklahoma,74.6,4.6,16.3,0.3,2.9
Oklahoma,86.5,7.9,2,1.6,18.2
Oklahoma,89.7,1.1,5.6,1.5,8.4
Oklahoma,77.7,2,15.5,0.3,3.1
Oklahoma,85.8,1.9,8.3,0.7,5
Oklahoma,93.5,1.6,2.8,0.2,9.3
Oklahoma,85.8,4.9,7,0.5,8.4
Oklahoma,75.2,1.3,18.4,0.2,2
Oklahoma,81.8,2.3,11.2,0.3,5.4
Oklahoma,87.4,2.6,6.5,0.3,1.9
Oklahoma,82.8,11.3,2.9,0.6,3.4
Oklahoma,88.7,1.9,6.7,0.3,9
Oklahoma,89.6,0.8,6,0.3,5.3
Oklahoma,72,8.6,14.5,0.3,3.6
Oklahoma,74.1,4.4,15.4,0.2,1.6
Oklahoma,97.8,0.1,1.1,0.2,5.3
Oklahoma,85.3,1.9,9,0.3,10.9
Oklahoma,72.3,0.4,20.2,0.3,2.2
Oklahoma,81.8,2.2,12.1,0.5,4.1
Oklahoma,65.1,12.3,15.9,0.7,3.3
Oklahoma,86.8,2,8.1,0.4,2.1
Oklahoma,73.9,2.5,16.4,0.1,1.3
Oklahoma,68,9.7,18.2,0.1,2
Oklahoma,74.3,15.4,3.6,3.3,10.9
Oklahoma,70.7,9.6,13.6,0.3,1.9
Oklahoma,68,11,14.4,0.3,2.2
Oklahoma,75.2,1,17,0.7,3.6
Oklahoma,83.2,0.8,12.1,0.3,1.3
Oklahoma,85.1,3.6,4.7,3.3,2.4
Oklahoma,78.3,4,12.8,0.4,2.5
Oklahoma,76.1,2.1,16.2,0.7,2.8
Oklahoma,79.7,3.3,11.9,0.9,2.9
Oklahoma,78.4,1,16.1,0.2,1.9
Oklahoma,92.4,0.3,6.9,0.2,3.4
Oklahoma,80.7,1.1,11.8,0.5,2.6
Oklahoma,72,5.3,17.7,0.3,2.3
Oklahoma,69.7,1.8,19.7,0.4,2.6
Oklahoma,89.5,2.5,5.4,0.4,4.7
Oklahoma,96.2,1.1,0.9,1,38
Oklahoma,87.2,7.8,3.1,0.7,18.6
Oklahoma,77.6,11.3,5.4,1.8,8
Oklahoma,80.9,4.2,9.2,0.7,3.4
Oklahoma,82,2.7,9.1,0.8,3.6
Oklahoma,95,0.6,2.8,0.4,5
Oklahoma,94.3,2.4,2,0.6,3
Oklahoma,94.2,1.7,2.6,0.5,5.9
Oregon,96.8,0.4,1.3,0.5,2.8
Oregon,90.4,1.2,0.9,5.4,5.4
Oregon,92.6,0.9,0.8,3.5,6.3
Oregon,95.3,0.8,1.1,1.4,6
Oregon,95.4,0.5,1.4,0.8,3.3
Oregon,93.6,0.5,2.3,1.2,4.2
Oregon,97.6,0.1,1.1,0.4,6.6
Oregon,95,0.2,2,1.1,4.2
Oregon,95.6,0.4,1.2,1,5
Oregon,95,0.3,1.6,0.9,3.8
Oregon,98.5,0.3,0.9,0.1,2.5
Oregon,98,0.1,1.1,0.3,2.7
Oregon,94.1,0.2,3.9,0.7,3.5
Oregon,95.5,0.9,1.2,1.7,25.3
Oregon,94.8,0.6,1.1,1.3,7.9
Oregon,81.4,0.4,16.3,0.5,18.7
Oregon,95.5,0.5,1.2,0.8,4.9
Oregon,91.7,0.8,4.1,1.1,8.5
Oregon,95,0.2,2.5,0.8,6.3
Oregon,92.3,0.9,1.2,2.8,5.4
Oregon,93.2,0.5,3.1,1.1,6.3
Oregon,95.1,0.5,1.3,1.2,5.2
Oregon,94.1,1.6,1,2.1,27.2
Oregon,92.6,1.2,1.6,2.4,20.5
Oregon,96.4,0.5,1.8,0.7,27.6
Oregon,83.5,5.8,1.1,6.5,9.3
Oregon,93.6,0.7,1.9,1.8,9.8
Oregon,97.4,0.3,1.5,0.5,6.3
Oregon,96,0.5,1.3,0.9,7
Oregon,93.3,1.2,3.3,1.1,18
Oregon,95.4,0.6,1,1.8,3.2
Oregon,98.2,0,0.7,0.3,1.8
Oregon,92.7,0.4,3.8,1.7,11.2
Oregon,86.7,1.5,0.7,8.4,13.6
Oregon,98.1,0.1,1.4,0.2,6.1
Oregon,94.8,1,1.3,1.3,12.8
Pennsylvania,96.6,1.7,0.2,0.7,4.8
Pennsylvania,83.6,13.1,0.1,2.2,1
Pennsylvania,98.4,0.9,0.1,0.2,0.5
Pennsylvania,92.5,6.1,0.1,0.3,0.9
Pennsylvania,98.7,0.5,0.1,0.3,0.6
Pennsylvania,92.6,4.7,0.2,1.3,12
Pennsylvania,97.5,1.3,0.1,0.5,0.6
Pennsylvania,98.1,0.5,0.3,0.4,0.7
Pennsylvania,92.3,3.5,0.2,3.1,2.9
Pennsylvania,97.6,1,0.1,0.8,0.8
Pennsylvania,95.7,3.2,0.1,0.5,1.1
Pennsylvania,98.7,0.6,0.2,0.3,0.9
Pennsylvania,97.9,1,0.1,0.4,2.1
Pennsylvania,91.3,3,0.2,4.7,1.9
Pennsylvania,89.6,6.2,0.2,3.1,4.1
Pennsylvania,98.3,0.9,0.1,0.4,0.5
Pennsylvania,97.3,1.9,0.1,0.3,0.7
Pennsylvania,98,0.8,0.1,0.6,0.7
Pennsylvania,97.7,1,0.2,0.7,1.3
Pennsylvania,97,1.8,0.2,0.3,0.7
Pennsylvania,94,2.9,0.1,2.2,1.8
Pennsylvania,77.8,17.8,0.2,2.5,4.8
Pennsylvania,76.7,18,0.1,4.1,1.9
Pennsylvania,99,0.2,0.1,0.5,0.5
Pennsylvania,91.4,6.5,0.2,0.8,2.4
Pennsylvania,94.9,4,0.1,0.3,0.5
Pennsylvania,89.5,9.8,0.3,0.2,2.6
Pennsylvania,95.6,2.7,0.2,0.8,2.6
Pennsylvania,98.8,0.7,0.1,0.1,0.5
Pennsylvania,95.4,3.8,0.1,0.3,0.9
Pennsylvania,93.7,5.5,0.1,0.3,1.2
Pennsylvania,96.8,1.8,0.1,0.9,0.6
Pennsylvania,98.8,0.3,0.2,0.3,0.5
Pennsylvania,98.3,0.5,0.2,0.9,2.4
Pennsylvania,96.6,1.7,0.1,0.9,2.1
Pennsylvania,93.5,3.4,0.2,1.7,6.5
Pennsylvania,95,3.9,0.1,0.3,0.8
Pennsylvania,96.2,1.9,0.2,1,5.8
Pennsylvania,90.3,5.1,0.3,2.8,13.3
Pennsylvania,96.3,2.3,0.1,0.7,2.7
Pennsylvania,94.2,4.3,0.2,0.5,0.8
Pennsylvania,96.7,2.3,0.3,0.4,1.2
Pennsylvania,93.2,5.4,0.1,0.5,0.8
Pennsylvania,98.6,0.7,0.1,0.3,0.6
Pennsylvania,85.4,10.6,0.3,2,10.1
Pennsylvania,85.5,8.2,0.1,5.1,2.6
Pennsylvania,96.3,1.8,0.1,1.5,1.2
Pennsylvania,92.9,3.8,0.2,2,7.7
Pennsylvania,97.3,2,0.1,0.2,1.4
Pennsylvania,98.6,0.7,0.1,0.2,0.9
Pennsylvania,47.4,45.4,0.3,5.3,10
Pennsylvania,92.8,5.2,0.3,0.9,6.6
Pennsylvania,98,1,0.1,0.5,0.6
Pennsylvania,96.5,2.6,0.1,0.5,1.5
Pennsylvania,98.1,1.1,0,0.5,1.3
Pennsylvania,97.1,2.4,0.1,0.2,0.9
Pennsylvania,95.6,3.5,0.7,0.1,1.2
Pennsylvania,98.5,0.6,0.2,0.3,0.8
Pennsylvania,97.9,1,0.2,0.4,0.7
Pennsylvania,90.2,7.7,0.1,1.3,4.1
Pennsylvania,97.6,1.3,0.2,0.3,0.6
Pennsylvania,98.8,0.4,0.1,0.3,0.5
Pennsylvania,95.2,3.3,0.1,0.5,0.7
Pennsylvania,97.1,1.9,0.1,0.5,2.2
Pennsylvania,96.4,2.2,0.1,0.6,0.6
Pennsylvania,98.5,0.6,0.1,0.4,1.1
Pennsylvania,93.4,4.3,0.2,1,3.7
Rhode Island,96.5,1.1,0.2,1.5,1.5
Rhode Island,95.2,1.5,0.3,1.9,2.4
Rhode Island,92.7,3.6,0.6,1.6,3
Rhode Island,84.8,9.2,0.6,3.5,16.1
Rhode Island,95.1,1.1,0.9,1.9,1.8
South Carolina,69.7,29.6,0,0.3,1.1
South Carolina,71.8,25.9,0.4,0.8,3
South Carolina,27.2,72.3,0.1,0.3,2.2
South Carolina,81.5,16.9,0.2,0.6,1.6
South Carolina,37.1,62.3,0.2,0.3,1.1
South Carolina,56,42.8,0.3,0.5,1.5
South Carolina,75.7,21.9,0.3,1,8.5
South Carolina,68.2,27.6,0.5,2.1,3
South Carolina,53.9,45.4,0.2,0.2,1.7
South Carolina,64.5,32.7,0.3,1.4,3
South Carolina,78.1,20.5,0.2,0.5,2.8
South Carolina,60.8,38.2,0.4,0.3,0.9
South Carolina,65.1,33.6,0.3,0.4,3
South Carolina,48.1,51,0.3,0.3,2.1
South Carolina,57.6,41.1,0.6,0.3,1.8
South Carolina,57.2,42,0.2,0.2,1
South Carolina,50.9,45.8,2.5,0.4,2.6
South Carolina,71.4,25.2,0.7,1.4,2.5
South Carolina,57.9,41,0.4,0.4,2.4
South Carolina,41.5,57.7,0.1,0.4,1.5
South Carolina,57.7,40.5,0.3,1,1.3
South Carolina,64.2,34.9,0.2,0.5,2.2
South Carolina,78.5,18.5,0.2,1.7,5.6
South Carolina,66.1,32.1,0.3,1.1,4
South Carolina,43.5,55.9,0.3,0.2,2.9
South Carolina,82.7,15,0.4,1,3.6
South Carolina,48.2,50.6,0.4,0.7,10
South Carolina,72.7,26,0.3,0.4,2.4
South Carolina,72,26.9,0.2,0.4,2.7
South Carolina,72.9,25.8,0.5,0.3,2.9
South Carolina,36.2,63.4,0.1,0.2,2.7
South Carolina,83.3,14.3,0.4,1.2,3
South Carolina,48,51.4,0,0.4,0.9
South Carolina,43,56.2,0.2,0.4,2.4
South Carolina,43.8,51.6,3.4,0.4,0.8
South Carolina,67.1,31.8,0.3,0.5,6.8
South Carolina,90.6,8.2,0.2,0.4,3.2
South Carolina,35.5,62.9,0.4,0.5,1.2
South Carolina,90.8,6.7,0.2,1.6,2.3
South Carolina,49.7,46.6,0.3,2.2,2.9
South Carolina,71.1,28.1,0.2,0.2,12.3
South Carolina,76.2,20.9,0.3,1.7,4.1
South Carolina,50,47.5,0.3,1.1,2
South Carolina,67.6,31.6,0.2,0.2,0.8
South Carolina,32.3,67.2,0.2,0.2,0.8
South Carolina,77.9,19.4,0.8,1.2,2.9
South Dakota,96.7,0.3,2.8,0.1,3.3
South Dakota,96.8,0.8,1.4,0.4,2
South Dakota,40.5,0.4,52.7,0.2,2.5
South Dakota,95,0.9,3.9,0.1,0.6
South Dakota,95.7,0.5,1,2,1
South Dakota,95.1,0.4,3.1,0.6,1
South Dakota,88.9,0.4,9.8,0.5,0.5
South Dakota,17.2,0.2,82.5,0,1.2
South Dakota,96.5,0.2,2,0.2,3
South Dakota,98.9,0,0.7,0.4,0.3
South Dakota,66.5,0.1,32.2,0.1,2.3
South Dakota,99,0.1,0.7,0.1,0.5
South Dakota,93.1,1,2.7,2.3,1.1
South Dakota,96.4,0.2,2.1,0.4,1.1
South Dakota,33.2,0.2,65.5,0,3.8
South Dakota,94.4,0.3,3.6,0.2,2.5
South Dakota,96.2,0.4,2.4,0.5,1.7
South Dakota,90.3,0.2,8.9,0.1,0.9
South Dakota,98.8,0.2,0.4,0.2,0.9
South Dakota,24.8,0.3,73.8,0.3,2.3
South Dakota,98.5,0,1.1,0.2,0.5
South Dakota,99.2,0.1,0.3,0.2,0.6
South Dakota,91,0.5,6,0.3,2.1
South Dakota,99.6,0.1,0.2,0,0.3
South Dakota,99,0,0.7,0.2,0.6
South Dakota,92.8,0.1,6.7,0.3,1
South Dakota,96.8,0,2.9,0.1,0.8
South Dakota,98.8,0.1,0.8,0.2,1.1
South Dakota,99.7,0.1,0.1,0.1,0.3
South Dakota,99.8,0,0.1,0.1,0.1
South Dakota,98.2,0,1.5,0.3,1.1
South Dakota,86.8,0.3,10.9,0.6,1.8
South Dakota,99.1,0.1,0.7,0.1,0.6
South Dakota,90.4,0.1,9.2,0,0.7
South Dakota,45.2,0,53.9,0.1,0.8
South Dakota,99.1,0,0.6,0.3,0.3
South Dakota,96.3,0,3,0.1,0.9
South Dakota,98.6,0,0.5,0.6,0.7
South Dakota,97.7,0.3,0.9,1,1.1
South Dakota,95.9,0.4,2.3,0.5,2.3
South Dakota,96.8,0.6,0.6,0.9,1
South Dakota,61.1,0.1,37.3,0.6,0.7
South Dakota,99.2,0.1,0.4,0.3,1
South Dakota,99.5,0,0.3,0.2,0.2
South Dakota,91.9,0.1,7.8,0.1,1.1
South Dakota,93.1,1.7,2.1,0.8,3.4
South Dakota,43.8,0,54.6,0.2,1.9
South Dakota,98.7,0.6,0.3,0.2,1
South Dakota,93.4,2,2.2,1,3.1
South Dakota,84.8,0.3,11.8,1.2,1
South Dakota,87.3,1,8.2,0.8,2.8
South Dakota,97.5,0.2,1.9,0.3,0.8
South Dakota,98.5,0,1.1,0.2,0.3
South Dakota,65.7,0.1,32.4,0.2,1
South Dakota,98.8,0,0.6,0.4,1.3
South Dakota,97.9,0.3,1.7,0.1,0.5
South Dakota,94.3,0.3,4.6,0.4,0.5
South Dakota,98.4,0,1.3,0.1,0.8
South Dakota,15,0.2,83.2,0.2,2.6
South Dakota,87.7,0,11.5,0.2,0.9
South Dakota,98.8,0.2,0.5,0.2,0.5
South Dakota,96.6,0.4,0.6,1.7,1.7
South Dakota,84.4,0,14.4,0.2,0.7
South Dakota,95.8,1.5,1.6,0.5,2.6
South Dakota,25.5,0,74,0.3,1.1
Tennessee,93.4,3.9,0.3,1.1,1.4
Tennessee,89.7,8,0.4,1.1,11.6
Tennessee,96.8,2.2,0.4,0.3,1.2
Tennessee,95.6,3.5,0.3,0.1,1.3
Tennessee,94.9,2.9,0.3,1,1.4
Tennessee,93.6,4.2,0.3,0.8,2.9
Tennessee,98.2,0.5,0.3,0.2,1
Tennessee,97.5,1.6,0.4,0.1,2
Tennessee,88,10.6,0.2,0.3,1.3
Tennessee,97.2,1.6,0.2,0.3,1.2
Tennessee,96.5,2.1,0.4,0.4,1.7
Tennessee,89.7,9.3,0.2,0.3,1.6
Tennessee,97.7,0.9,0.3,0.5,0.7
Tennessee,96.6,1.8,0.7,0.6,2.1
Tennessee,96.3,2.1,0.4,0.3,1.2
Tennessee,94.1,3.7,0.3,0.9,3.2
Tennessee,85.9,13.4,0.2,0.2,7.4
Tennessee,98.4,0.4,0.2,0.3,1.3
Tennessee,67.8,27.5,0.3,2.9,6.5
Tennessee,95.9,3.5,0.1,0.2,2.6
Tennessee,97.1,1.7,0.3,0.4,4.8
Tennessee,93.6,4.4,0.5,0.4,1.7
Tennessee,84.6,13.9,0.2,0.6,1.9
Tennessee,69.6,28.2,0.2,1.2,1.9
Tennessee,99.4,0.2,0.1,0.1,0.7
Tennessee,92.9,5.5,0.2,0.6,1.9
Tennessee,79.3,19.5,0.2,0.3,1.4
Tennessee,87.2,11.3,0.3,0.5,1
Tennessee,98.7,0.6,0.1,0.1,1.3
Tennessee,96.8,2.1,0.2,0.3,1.6
Tennessee,99,0.3,0.2,0.2,1
Tennessee,93.7,4.1,0.3,1,9.2
Tennessee,76.4,20.6,0.3,1.6,2.3
Tennessee,99,0.5,0.1,0.1,0.4
Tennessee,58.1,40.6,0.2,0.5,1.2
Tennessee,95.2,3.7,0.3,0.3,1.1
Tennessee,97.4,1.7,0.1,0.3,0.8
Tennessee,49,50.5,0.1,0.2,3.7
Tennessee,91,8,0.1,0.2,1.1
Tennessee,90,8.6,0.2,0.4,1.1
Tennessee,94.4,4.4,0.5,0.1,1.3
Tennessee,96.1,3.3,0.1,0.1,2.1
Tennessee,95.8,3.2,0.2,0.4,1.2
Tennessee,98.8,0.6,0.1,0.2,1
Tennessee,96.4,2.1,0.4,0.4,2.1
Tennessee,96.4,2.9,0.3,0.1,0.8
Tennessee,88.2,8.7,0.3,1.6,1.7
Tennessee,65.9,33.2,0.4,0.2,0.9
Tennessee,63.9,34.7,0.6,0.4,1.3
Tennessee,97.2,1.6,0.3,0.3,1.3
Tennessee,97.4,1.8,0.1,0.3,1.2
Tennessee,91.1,6.9,0.5,0.4,1.8
Tennessee,97.2,1.3,0.3,0.3,3.4
Tennessee,93.5,4.5,0.3,0.7,2.3
Tennessee,92.6,6.3,0.2,0.2,1.1
Tennessee,98.6,0.6,0.3,0.3,2.8
Tennessee,63.9,34.3,0.2,0.8,2.3
Tennessee,94.8,4.1,0.3,0.3,0.8
Tennessee,91.6,7.5,0.2,0.2,3.6
Tennessee,84.8,13.3,0.4,0.6,4.2
Tennessee,97.4,1.8,0.3,0.2,0.7
Tennessee,95.7,2.1,0.3,0.7,2.6
Tennessee,74.4,20,0.5,2.2,5.2
Tennessee,96,3.4,0.1,0.2,0.7
Tennessee,96.8,2.5,0.2,0.2,0.8
Tennessee,88.9,10.2,0.1,0.3,3.2
Tennessee,98.3,0.8,0.3,0.2,0.8
Tennessee,96,2.8,0.2,0.5,1.1
Tennessee,98.5,1.2,0,0,1.1
Tennessee,98,0.8,0.1,0.2,0.8
Tennessee,95.9,1.9,0.3,1.2,4.4
Tennessee,96.1,2.2,0.4,0.4,2.2
Tennessee,95.2,2.9,0.2,0.5,0.9
Tennessee,90.3,8.3,0.3,0.4,5.2
Tennessee,84.6,11.3,0.3,2.7,4.8
Tennessee,98.5,0.4,0.2,0.2,0.6
Tennessee,98.4,0.7,0.3,0.3,0.8
Tennessee,97.5,0.8,0.3,0.6,1.7
Tennessee,45.6,51.3,0.2,2,3.4
Tennessee,95.7,3.1,0.4,0.2,1.7
Tennessee,94.8,2.6,0.6,1.5,1.2
Tennessee,96.5,2.1,0.2,0.5,0.8
Tennessee,91.3,6.5,0.3,0.9,2.4
Tennessee,79.1,19.1,0.4,0.5,1.6
Tennessee,88.5,10.5,0.2,0.4,2.6
Tennessee,98.7,0.6,0.3,0.1,2.7
Tennessee,98.4,0.6,0.1,0.2,1
Tennessee,99.2,0.4,0.1,0.1,0.4
Tennessee,95.4,3.2,0.2,0.6,6.7
Tennessee,93.8,4,0.3,0.9,1.8
Tennessee,91.7,7.5,0.2,0.4,0.9
Tennessee,90.4,7,0.1,1.9,1.4
Tennessee,97.3,1.8,0.2,0.3,1.1
Tennessee,92.1,5,0.2,2,3.4
Tennessee,91.4,6.8,0.3,0.7,2.1
Texas,75.3,22.6,0.7,0.7,13.1
Texas,96,1.9,1.1,0.8,43.9
Texas,83.3,14.9,0.4,0.7,16.8
Texas,93.7,2,0.6,2.6,21.7
Texas,97.7,0.4,0.6,0.2,6.3
Texas,98.8,0.4,0.7,0,7.1
Texas,97,1.1,0.9,0.6,60.4
Texas,88.9,9.9,0.3,0.4,19.6
Texas,97,1.7,0.9,0.3,51.1
Texas,97.2,0.5,0.9,0.4,16.3
Texas,88.6,8.8,0.9,0.7,27.6
Texas,94.9,3.4,0.8,0.9,9.7
Texas,87.7,10.7,0.6,0.8,55.6
Texas,71,21.5,0.9,3.4,18.3
Texas,88.2,7.4,1.1,2.1,56.4
Texas,97.7,1,0.5,0.2,17.5
Texas,98.8,0.2,0,0,14
Texas,96,2.2,0.6,0.3,14.3
Texas,73.2,24.3,0.6,0.7,5.3
Texas,84.3,10.1,0.6,3.9,24.8
Texas,83,10.8,0.5,4.7,19.6
Texas,95.6,2.1,1,0.5,42.8
Texas,96.2,3.1,0.5,0,26.5
Texas,98.6,0.5,0.8,0.1,91.3
Texas,93.9,4.1,0.7,0.6,17.6
Texas,84.2,14.2,0.6,0.3,16.2
Texas,96.4,1.7,0.7,0.4,16
Texas,89.9,7.9,0.7,0.7,43.2
Texas,92.6,2.6,0.6,3.9,43.9
Texas,97.2,0.8,0.6,0.5,8
Texas,97.5,0.8,0.6,0.7,85.9
Texas,80.6,17.6,0.4,0.9,19.8
Texas,97.3,0.9,1,0.2,8.6
Texas,79.6,18.8,0.5,0.2,2.5
Texas,95.3,2.5,1.8,0.3,53.3
Texas,87.4,10.3,0.6,1,14.5
Texas,83.5,14.7,0.5,0.6,16.8
Texas,83.7,15.2,0.4,0.5,23.3
Texas,96.9,0.6,1.2,0.1,3.8
Texas,92.3,6.1,1.1,0.5,48.3
Texas,96.5,2.2,0.9,0.2,18.9
Texas,95.8,2.5,0.7,0.6,14.6
Texas,81.3,6.9,0.5,9.6,12.7
Texas,91.4,5.7,1.8,0.2,25.7
Texas,84.6,14.2,0.5,0.4,22.4
Texas,96.4,1.5,0.6,0.7,23.6
Texas,97.8,0.6,0.8,0.4,23.4
Texas,98,1.2,0.6,0.1,44.2
Texas,94.1,3.2,1,0.6,12.6
Texas,72,21.5,1,2.6,13.6
Texas,87.9,11.8,0,0,22.1
Texas,94.6,3.3,1.7,0.4,49.5
Texas,97.3,0.9,1.1,0.6,56.3
Texas,93.7,4.8,1,0.3,48.5
Texas,97.5,1,0.4,1.1,71.5
Texas,96.1,2.3,1.1,0.3,32.2
Texas,72.9,20.9,0.6,4.5,36.1
Texas,90.2,8.9,0.4,0.4,50.3
Texas,96.1,1.7,1.1,1.2,62.1
Texas,90.8,7,0.9,0.3,4.1
Texas,85.1,7.1,0.6,5.6,15.2
Texas,88.2,10.7,0.6,0.4,29.3
Texas,88.9,9,0.2,1.7,27.1
Texas,97,1.5,0.8,0.8,83.5
Texas,93.5,4.9,1,0.3,7.1
Texas,98.4,0.7,0.7,0.2,88
Texas,96.2,2.3,0.6,0.3,13.6
Texas,92.4,4.9,1.1,0.8,47.6
Texas,94.5,3,0.8,1.8,46.2
Texas,89.2,8.7,0.7,0.5,21.1
Texas,93.5,3.3,1.1,1.3,80.9
Texas,96.5,1.1,0.7,1,16.3
Texas,71.8,26.9,0.7,0.3,17.8
Texas,90,7.7,0.9,0.5,7.2
Texas,91.5,7.4,0.6,0.3,15.6
Texas,95.6,3.4,0.4,0.2,22.5
Texas,94.3,4.1,1.1,0.6,48.3
Texas,94.7,3.6,1.1,0.3,18.4
Texas,62.4,21.1,0.4,14.9,22.3
Texas,93.4,5,0.8,0.5,10.2
Texas,80.6,18.2,0.4,0.3,10.1
Texas,93.5,5,0.8,0.8,74.3
Texas,95.8,2.7,1.1,0.3,38.6
Texas,80.7,14.9,0.5,2.8,19.8
Texas,92.9,5.8,0.5,0.2,38.9
Texas,98.6,0.4,0.5,0.2,16.9
Texas,98,0.8,0.2,1.1,30.7
Texas,94.1,5.1,0.6,0.2,36.2
Texas,90.1,8.1,0.9,0.6,42.8
Texas,90.6,6.1,1,0.6,16.4
Texas,90.1,5.9,1.4,0.7,8.7
Texas,76.9,20.4,0.6,1,11.8
Texas,80.4,18.3,0.4,0.4,17.5
Texas,91.4,5.6,0.7,1.2,33.6
Texas,92,5.9,1.2,0.6,52
Texas,90.3,8.3,0.8,0.5,29.2
Texas,98.7,0.3,0.3,0.3,8.9
Texas,98.2,0.3,0.9,0.4,38.8
Texas,92.9,5.4,1,0.3,15.3
Texas,92,6.6,0.3,0.3,3
Texas,74.4,18.4,0.6,5.6,37.3
Texas,75.3,23.1,0.4,0.6,7.4
Texas,91,8.1,0.5,0.3,17
Texas,94.9,3.9,0.7,0.3,23.6
Texas,93,4.1,0.8,1.1,31
Texas,97,1.6,0.7,0.5,19.2
Texas,91.8,6.4,0.5,0.4,8.9
Texas,97.4,0.9,0.6,0.9,89.2
Texas,91.2,6.9,0.4,0.4,16
Texas,94.5,3.7,1,0.4,41.1
Texas,97,0.8,0.8,0.4,8.8
Texas,90.6,7.6,0.8,0.4,12.2
Texas,72.5,26.4,0.3,0.5,9.2
Texas,93,4.7,0.8,0.8,40.4
Texas,97.3,0.9,1.5,0.2,75.4
Texas,88.3,9,0.7,0.7,10.6
Texas,93.9,2.9,1.3,0.5,17.5
Texas,97.4,1.7,0.9,0,27.1
Texas,92.6,5.5,0.7,0.7,9.9
Texas,91.2,7.5,0.3,0.6,27
Texas,81,17.2,0.4,0.4,4.7
Texas,98.2,1,0.4,0.1,36.9
Texas,60.4,35.3,0.4,3,12.5
Texas,98.4,0.6,0.8,0.2,89.2
Texas,97.4,0.9,0.8,0.9,76.9
Texas,94.1,3.2,0.7,1,14.7
Texas,86.5,12.2,0.4,0.5,22.4
Texas,87.5,11.1,0.9,0.5,49.4
Texas,87.4,10.1,0.6,0.8,14.3
Texas,97.4,0.9,0.6,0.5,18.7
Texas,96.9,0.7,0.7,1.7,77
Texas,98.8,0.4,0.8,0,9.8
Texas,95.9,2,0.6,0.7,21.8
Texas,98.3,0.5,0.4,0.6,23.2
Texas,98.7,0,1.3,0,15.3
Texas,96.2,2.6,0.4,0.5,50.2
Texas,92.5,3.8,0.8,2.3,67.7
Texas,88.9,8.6,1.4,0.7,26.3
Texas,83.7,13.3,1.1,0.6,4.4
Texas,94.1,4.3,1.1,0.4,47.5
Texas,93.7,3.3,0.7,1,15.6
Texas,95.7,3.5,0.4,0.4,78.2
Texas,92.2,7,0.2,0.4,13.6
Texas,87.7,11.1,0.6,0.3,20.6
Texas,89.5,9.7,0.3,0.2,10.5
Texas,85.9,12.3,0.5,0.5,13.4
Texas,79.8,18.5,0.6,0.3,15.9
Texas,97.5,0.6,1.6,0.1,27.7
Texas,96.6,2.6,0.3,0.3,40.5
Texas,98,0.5,0.4,0.4,7.3
Texas,100,0,0,0,17.7
Texas,89.1,7.7,0.7,1.5,29.5
Texas,95.1,3.4,1.3,0.1,46.1
Texas,97.2,1.9,0.3,0.3,29.9
Texas,81.7,15.2,0.6,1.4,20.5
Texas,97.5,1.1,0.5,0.9,35.3
Texas,76.7,21.8,0.4,0.8,18.8
Texas,74.8,22.9,0.9,0.2,3.7
Texas,96.1,1.7,1.2,0.5,41.2
Texas,98.8,0.1,0.7,0.1,22.2
Texas,83.7,12.4,0.9,2.4,34.7
Texas,96.7,0.8,1.6,0.9,95.2
Texas,95.3,2.7,0.8,0.6,46.7
Texas,97.2,1.1,0.7,1,31.5
Texas,90.3,7.1,0.8,1.1,34
Texas,88,10.5,0.6,0.3,20.6
Texas,98,1.4,0.1,0.2,15.9
Texas,84.9,13.9,0.7,0.4,32.7
Texas,97.5,0.4,0.7,0.4,6.7
Texas,92.8,4.1,0.5,1.6,15.9
Texas,96.1,1.3,0.9,1,50.6
Texas,74.8,23.6,0.5,0.3,4.3
Texas,94.9,4.3,0.7,0.1,11
Texas,81.4,16.4,0.5,0.9,14.2
Texas,81.9,15.6,0.6,1.3,20.7
Texas,77.4,20.9,0.6,0.5,4.5
Texas,92.9,5.4,0.7,0.6,31.1
Texas,92.5,4.3,0.8,1.5,58.2
Texas,97.5,0.4,1,0.6,39.2
Texas,95,2.8,1.4,0.5,12.6
Texas,89,8.7,0.6,0.8,4.4
Texas,95.2,2.3,0.7,0.7,15.1
Texas,81.1,17.4,0.4,0.5,5.1
Texas,95.9,2.1,0.6,0.5,8.4
Texas,95.7,2,1.4,0.9,56.2
Texas,93.4,5.1,0.6,0.6,62.9
Texas,85.1,12,1.6,0.6,10
Texas,84.6,10.4,1,2.6,31.9
Texas,98.7,0.7,0.3,0.2,83.7
Texas,95.1,3,0.9,0.6,7.8
Texas,94.9,2,0.7,1.4,12.8
Texas,95,3.8,0.7,0.5,50.4
Texas,98.3,0.2,0.7,0.3,23.2
Texas,81.6,17,0.5,0.2,4.4
Texas,96.3,2.5,0.7,0.5,73.1
Texas,91.8,6.7,0.7,0.7,44.7
Texas,98.8,0.4,0.7,0,3.4
Texas,76.4,22.5,0.3,0.3,15.3
Texas,91.7,4.8,0.5,2.2,13.3
Texas,96.8,1.6,0.9,0.4,32.8
Texas,80.2,18.5,0.3,0.3,10.4
Texas,89.3,9.8,0.3,0.2,2.4
Texas,72.5,26.9,0.2,0.2,4.6
Texas,86.2,11.5,0.6,0.5,7.1
Texas,94.6,2.8,0.8,1,51.6
Texas,95.6,3,1.2,0.3,24.3
Texas,97.1,2.4,0,0.4,46.5
Texas,93,5.9,0.6,0.3,33.1
Texas,98.7,0.8,0.4,0,9.3
Texas,77.1,18.1,0.4,4,15.6
Texas,97.4,0.8,1,0.8,30.5
Texas,78.9,18.6,0.5,1,14.2
Texas,98,0.5,0.7,0.3,15.4
Texas,98.6,0.5,0.3,0.6,97.5
Texas,95.5,3.3,0.4,0.6,16.8
Texas,99.4,0.1,0.5,0.1,34.2
Texas,94.7,3.6,0.1,0.8,11.4
Texas,98.6,0.5,0.5,0.3,54.4
Texas,91.9,6.4,0.9,0.4,36
Texas,79.8,13.8,0.7,4.3,23.7
Texas,89,6.9,0.8,1.6,19.8
Texas,97.3,0,1.9,0.8,51.1
Texas,93.3,5.6,0.7,0.3,46.7
Texas,98.9,0.1,0.4,0.1,10.9
Texas,88.2,9.9,0.8,0.7,34.7
Texas,92.7,4.3,0.8,1.1,33.3
Texas,83.4,8.8,0.7,5.5,31.4
Texas,87.7,10.9,0.5,0.4,6.3
Texas,86.8,11.3,0.5,0.3,4.7
Texas,89,9.1,0.6,0.4,4.5
Texas,95.9,2.4,1.5,0.2,45.9
Texas,97.5,0.9,0.8,0.7,67.3
Texas,96.4,1.7,0.8,0.8,78.1
Texas,94.9,3.2,0.7,0.4,8.5
Texas,91.2,6.4,0.7,1.1,41.1
Texas,74.5,23.4,0.4,0.9,15
Texas,71.7,26.5,0.6,0.6,22
Texas,93.4,5,0.9,0.4,44.6
Texas,79.7,18.3,0.3,1.4,11.6
Texas,98,0.6,0.6,0.6,94.8
Texas,84.2,14.5,0.5,0.6,34.5
Texas,94.9,3.3,0.9,0.8,17.4
Texas,84.2,10.6,1,2.1,13.8
Texas,88.6,9.2,0.9,0.8,23.4
Texas,96.5,2.5,0.7,0.3,86.6
Texas,87.8,6.3,0.5,3.9,19.6
Texas,96.2,2,0.7,0.6,37.7
Texas,96.5,2.4,0.7,0.4,46.9
Texas,96.2,1.4,0.8,0.4,12.8
Texas,92.6,5.9,0.5,0.3,6.9
Texas,96.7,1.8,0.9,0.6,50.5
Texas,96.3,1.4,0.9,0.5,12.6
Texas,98.4,0.5,0.4,0.6,87.6
Texas,97.4,1,1,0.5,91.3
Utah,95.8,0.4,0.6,1.8,8.3
Utah,97.1,0.3,1.2,1,8.4
Utah,96.8,0.3,1,1.1,7.2
Utah,95.4,0.5,0.6,2.6,8
Utah,97.5,0.3,1.2,0.6,10.8
Utah,98,1.2,0.8,0,5.5
Utah,94.6,1.2,0.6,2.1,6.4
Utah,92.9,0.3,5,0.4,4.1
Utah,97.9,0.3,0.8,0.4,6
Utah,97.4,0.2,2,0.3,3.1
Utah,93.4,0.3,5.3,0.3,6.6
Utah,94.5,0.4,2.2,1.8,5.1
Utah,98,0.2,1.2,0.6,2.3
Utah,98,0.1,1.4,0.3,2.6
Utah,97.2,0.2,1.5,0.6,10.9
Utah,98.5,0.1,0.2,0.3,1.7
Utah,98.5,0.1,1.2,0.1,5.3
Utah,99.6,0,0,0.4,2
Utah,92,1.3,0.9,4.2,14.5
Utah,43.2,0.1,55.9,0.2,3.3
Utah,96.3,0.5,1,1.5,8
Utah,97.3,0.3,1.7,0.4,3
Utah,97.3,0.5,0.4,1.2,10.5
Utah,94.4,1.6,1.5,1.1,9.2
Utah,89,0.2,9.4,0.5,3.8
Utah,95.8,0.4,0.6,1.8,8.3
Utah,96.7,0.5,0.8,0.8,7.4
Utah,95.9,0.4,1.4,1.1,6.5
Utah,98.9,0.2,0.4,0.4,2.7
Utah,94.7,1.5,0.9,1.6,14.9
Vermont,97.4,0.6,0.2,0.8,1.2
Vermont,97.7,0.7,0.2,0.8,1.2
Vermont,97.8,0.4,0.5,0.5,0.8
Vermont,95.1,1,0.2,2.3,1.2
Vermont,97.1,0.4,0.5,0.5,0.6
Vermont,96.5,0.4,1.3,0.3,0.7
Vermont,97.5,0.2,0.9,0.4,0.5
Vermont,97.2,0.6,0.5,0.5,1
Vermont,98.3,0.3,0.3,0.5,0.8
Vermont,97.6,0.5,0.5,0.4,1
Vermont,98.3,0.4,0.2,0.5,0.8
Vermont,97,0.5,0.3,0.9,1.4
Vermont,97,0.7,0.2,1,1.2
Vermont,97.8,0.4,0.2,0.8,1
Virginia,69.1,29.5,0.4,0.6,7.9
Virginia,84.3,9.7,0.3,4.5,3.5
Virginia,93.4,5.5,0.2,0.3,0.6
Virginia,74.8,24.5,0.3,0.1,0.8
Virginia,78.3,19.7,0.8,0.5,1.2
Virginia,77.7,21.6,0.2,0.2,0.7
Virginia,80,8.8,0.4,9,15.8
Virginia,95.1,3.9,0.2,0.3,1.6
Virginia,91.9,7.1,0.1,0.7,0.4
Virginia,92.2,6.4,0.2,0.6,0.8
Virginia,95.5,4.2,0,0.1,0.5
Virginia,94.3,4.3,0.2,0.7,0.9
Virginia,43.3,56.3,0,0.2,1.5
Virginia,96.5,3,0,0.3,0.6
Virginia,61.4,37.6,0.2,0.2,1
Virginia,82.6,15.5,0.2,0.8,1.1
Virginia,67.3,30.3,0.7,0.6,2.7
Virginia,99,0.6,0.1,0.1,2
Virginia,45.7,47.2,6.8,0.2,0.8
Virginia,68,31.6,0,0.2,2
Virginia,74.8,20.8,0.4,2.9,4.5
Virginia,92.7,6.3,0.2,0.6,2.6
Virginia,98.9,0.5,0.2,0.2,0.3
Virginia,80.9,16.2,0.5,1.1,5.5
Virginia,64,34.5,0.3,0.6,2.2
Virginia,99.1,0.6,0.1,0.1,0.5
Virginia,66.2,32.5,0.3,0.5,1.4
Virginia,58.4,39.4,0.6,1,1.4
Virginia,72.5,9.3,0.3,15.5,12.2
Virginia,88.5,8.8,0.3,1.1,4.3
Virginia,97.5,1.9,0,0.3,2.1
Virginia,81.3,17,0.1,0.5,1.8
Virginia,90.2,8.7,0.2,0.4,1.7
Virginia,94.2,3.6,0.2,1,4.1
Virginia,97.9,1.5,0.1,0.2,0.8
Virginia,88,9.6,0.5,0.7,1.9
Virginia,76.5,21.8,0.2,1.1,1.4
Virginia,97.4,2.1,0.1,0.2,2.2
Virginia,91.5,6.8,0.2,0.6,2.2
Virginia,40.6,58.8,0.1,0.4,1.4
Virginia,61,38,0.3,0.2,1.4
Virginia,88.1,9.7,0.3,1.1,1.2
Virginia,66.1,27.4,0.4,4.9,3.1
Virginia,76,22.6,0.3,0.6,5.4
Virginia,99.4,0.2,0.2,0.1,0.5
Virginia,73.8,24.8,0.3,0.5,1.2
Virginia,83.9,13,0.3,1.7,2.2
Virginia,66.2,32,1.3,0.3,1.4
Virginia,79.3,17.4,0.6,1.3,2.6
Virginia,77.1,20.4,1.4,0.5,1.5
Virginia,72.1,27.2,0.1,0.5,0.8
Virginia,98.5,0.7,0.1,0.3,0.5
Virginia,78.2,7.5,0.3,11.5,9.1
Virginia,79.1,19.4,0.4,0.3,1.2
Virginia,60.7,38.3,0.3,0.3,2.7
Virginia,87.6,11,0.1,0.7,1.4
Virginia,88.7,10.8,0.2,0.2,0.8
Virginia,60.9,38,0.3,0.5,1.6
Virginia,81.3,18.2,0.3,0.2,1.3
Virginia,89.8,4,0.2,4.8,1.9
Virginia,84.7,14.2,0.1,0.3,2.5
Virginia,83.2,14.6,1,0.6,1.6
Virginia,59.3,40,0.1,0.3,5.8
Virginia,74,25.1,0.2,0.4,1.1
Virginia,58.7,40.4,0.1,0.4,2.5
Virginia,85.3,13.2,0.3,0.5,2.1
Virginia,96.8,2.4,0.1,0.2,1.3
Virginia,93,6.1,0.2,0.3,2.4
Virginia,75.2,23.9,0.2,0.2,1.6
Virginia,84,15.2,0.2,0.2,1.3
Virginia,62.8,35.8,0.2,0.7,1.2
Virginia,60.7,35.5,0.4,2,6
Virginia,70.1,19.4,0.5,6.7,17.4
Virginia,92.6,6.1,0.1,0.4,1.2
Virginia,93.4,5.4,0.2,0.2,1.9
Virginia,66.1,33.1,0,0.6,2.8
Virginia,92.4,4.8,0.1,2,1.6
Virginia,95.3,3.3,0.3,0.6,0.7
Virginia,97.2,1.7,0.1,0.5,4.2
Virginia,98.7,0.9,0.1,0.1,0.6
Virginia,98.6,0.8,0.1,0.1,0.6
Virginia,97.1,1.5,0.1,0.5,4.4
Virginia,97.1,2.2,0.1,0.2,1
Virginia,59.4,40,0.2,0.2,1
Virginia,81.6,14.4,0.3,1.9,5.2
Virginia,78.4,16.1,0.4,2.4,6.3
Virginia,49.6,49.7,0.1,0.4,0.9
Virginia,38,61.2,0,0.3,1.2
Virginia,96,2.5,0.2,0.9,0.5
Virginia,92.8,5.1,0.3,0.6,2.7
Virginia,97.4,1.6,0.1,0.4,0.8
Virginia,68.4,30.2,0.4,0.4,3.6
Virginia,93.5,5.5,0.2,0.4,0.9
Virginia,95.8,3,0.2,0.5,0.8
Virginia,79.8,13.5,0.4,4.4,3.6
Virginia,70.7,21.7,0.4,5.4,13.4
Virginia,92.5,5.9,0.2,0.7,1.3
Virginia,93,5.9,0.4,0.4,1.6
Virginia,71.9,21.4,0.1,4.7,3.1
Virginia,65.8,30.1,0.4,2.1,2.5
Virginia,85.6,10.3,0.2,3.1,2.8
Virginia,83.2,14.5,0.4,1,1
Virginia,52.9,45.7,0.2,0.8,2
Virginia,41.2,58.2,0,0.6,2.8
Virginia,77.3,6.5,0.4,14.3,13.1
Virginia,85.6,5,0.2,7.5,7.9
Virginia,43.2,55.7,0.2,0.8,1.1
Virginia,75.7,20.7,0.4,1.8,6.9
Virginia,91,7.4,0.5,0.8,13.7
Virginia,48.2,47.1,0.4,2.2,3.3
Virginia,87.5,6.5,0.3,3.5,11.6
Virginia,60.1,37.2,0.4,1.1,4
Virginia,87.5,9.4,0.3,2.4,1.8
Virginia,66.9,29.8,0.2,1.7,1.5
Virginia,80.5,13.3,0.5,3.9,25.1
Virginia,79.7,11.7,0.5,6.2,28.4
Virginia,56.4,42.4,0.1,0.7,3.6
Virginia,52,42.2,0.4,2.7,4.4
Virginia,49.2,44.9,0.4,3.1,4.1
Virginia,92.1,6,0,1.6,1.1
Virginia,19.7,78.6,0.1,0.9,2
Virginia,95.7,1.7,0.3,1.8,1.3
Virginia,44.7,52.3,0.5,1,2
Virginia,88.2,7.7,0.3,2.7,1.5
Virginia,40.8,56.2,0.2,1.6,3.6
Virginia,69.8,27.1,0.2,1.4,2.2
Virginia,91.5,6.7,0.1,1.2,1.2
Virginia,86,12.1,0.3,0.5,1.3
Virginia,55.3,42,0.3,1.3,1.9
Virginia,71.5,20,0.4,5.4,4.7
Virginia,87.2,10.4,0.4,0.8,4.4
Virginia,81.6,12.5,0.3,4.7,3
Virginia,85.4,10.6,0.4,2,10.1
Washington,96.5,0.7,1.2,0.9,50.4
Washington,96.6,0.3,1.1,0.8,2.3
Washington,93.4,1.2,1,2.7,14.3
Washington,96,0.5,1.1,1.1,20.5
Washington,90.9,0.9,5,1.5,4
Washington,90.2,2,0.9,4.1,5.6
Washington,97.6,0.4,1,0.6,6.2
Washington,94.1,0.7,1.6,1.5,5.4
Washington,95.9,0.6,1.3,0.9,21.8
Washington,80.5,0.2,17,0.3,2.8
Washington,93.6,2.6,0.8,2,47.8
Washington,98.8,0,0.3,0.5,3
Washington,95.1,1.1,1.4,1.1,33.4
Washington,90.9,0.5,4.8,1.4,6.1
Washington,89.9,2,0.9,4.4,3.6
Washington,93.8,0.8,2.1,1.4,2.4
Washington,76.2,5.9,1,13.5,6.4
Washington,86,2.8,1.6,5.4,4.4
Washington,93.2,0.9,1.1,3.2,5.7
Washington,94.2,0.4,3.1,0.8,8.5
Washington,95.9,0.5,1.3,1,6.4
Washington,96.1,0.3,2.1,0.3,2.1
Washington,91.5,1.2,3.6,1.7,5.5
Washington,86,0.4,11.1,0.7,14.1
Washington,93.3,0.4,2.4,2.1,5.7
Washington,94.3,0.3,3.3,0.8,2
Washington,80.1,7.1,1.5,6.6,6.3
Washington,96.4,0.3,1.1,1.2,2.7
Washington,93.7,0.7,2,2,12.8
Washington,95.7,0.4,2.1,0.7,4.7
Washington,85.5,2.2,1.5,7.8,6
Washington,92,1.7,1.5,2.3,3.2
Washington,91.3,0.3,5.6,0.7,2
Washington,86.9,2.7,1.6,5.4,5
Washington,96.1,0.3,1.7,0.5,2.6
Washington,94.1,1.9,1.1,1.6,16.7
Washington,90.5,0.9,2.9,3.5,5.8
Washington,87.4,2.1,0.7,7.6,3.4
Washington,90.4,1.3,5,1.5,38.5
West Virginia,97.2,0.8,0.7,0.5,0.5
West Virginia,92.4,5.2,0.3,0.6,2.4
West Virginia,98.8,0.6,0.1,0.2,0.5
West Virginia,98.5,0.7,0.2,0.2,0.5
West Virginia,98.2,0.9,0,0.4,0.6
West Virginia,93.7,4.3,0.2,0.7,0.7
West Virginia,99.2,0.1,0.3,0.1,0.7
West Virginia,98.5,0.1,0.7,0,0.4
West Virginia,99,0.3,0.2,0.2,0.6
West Virginia,93.4,5,0.3,0.4,0.7
West Virginia,97,1.1,0.2,1.2,0.8
West Virginia,98.5,0.8,0.2,0.2,0.6
West Virginia,95.4,3,0.4,0.2,0.7
West Virginia,97.8,1.1,0.2,0.4,0.8
West Virginia,96.8,2.4,0.1,0.3,1
West Virginia,97.5,1.9,0.1,0.1,1.3
West Virginia,96.7,1.6,0.1,0.8,1.1
West Virginia,98.7,0.1,0.2,0.3,0.3
West Virginia,91.5,6.1,0.3,0.8,3
West Virginia,90.3,7.1,0.2,0.9,0.6
West Virginia,98.7,0.3,0.2,0.3,0.6
West Virginia,99.4,0,0.1,0.1,0.5
West Virginia,96.7,2.5,0.1,0.4,0.6
West Virginia,88.7,10.6,0.1,0.1,0.5
West Virginia,95.3,3.3,0.2,0.4,0.8
West Virginia,98.4,0.5,0.1,0.3,0.7
West Virginia,98.5,0.5,0.2,0.4,0.5
West Virginia,92.6,5.9,0.2,0.6,0.6
West Virginia,96.1,2.9,0.1,0.3,0.6
West Virginia,96.5,2.4,0.3,0.2,0.5
West Virginia,92.8,3.5,0.2,2.3,1.2
West Virginia,98.4,0.9,0.2,0.1,0.4
West Virginia,98.8,0.7,0.2,0.1,0.8
West Virginia,99,0.1,0.2,0.2,0.5
West Virginia,94.5,3.6,0.1,0.9,0.6
West Virginia,97,1.9,0.3,0.4,1.1
West Virginia,98.4,0.6,0.5,0.4,0.4
West Virginia,98.7,0.9,0,0.2,0.5
West Virginia,99.1,0.3,0,0.1,0.6
West Virginia,97.6,0.9,0.2,0.7,0.6
West Virginia,89.9,8.2,0.2,0.9,1
West Virginia,98,1.1,0.2,0.3,0.7
West Virginia,99,0.2,0.3,0.1,0.5
West Virginia,98.9,0.3,0.1,0.3,0.9
West Virginia,91.6,7.4,0.2,0.2,0.7
West Virginia,98.3,0.8,0.2,0.3,0.6
West Virginia,99.3,0,0.1,0.1,0.3
West Virginia,99.7,0,0,0.1,0.4
West Virginia,98.3,0.6,0.2,0.5,0.6
West Virginia,98.7,0.2,0.2,0.3,0.5
West Virginia,99.5,0,0,0.1,0.4
West Virginia,99.1,0.2,0.1,0.4,0.5
West Virginia,99.3,0.4,0.1,0.1,0.3
West Virginia,97.4,1.1,0.2,0.6,0.6
West Virginia,98.6,0.8,0.1,0.1,0.6
Wisconsin,94.9,3.4,1,0.4,2.8
Wisconsin,87,0.3,11,0.4,1.2
Wisconsin,98.2,0.1,0.8,0.4,1.1
Wisconsin,89.3,0.2,8.9,0.3,0.9
Wisconsin,92.2,1.6,2.5,2.4,5.3
Wisconsin,98.9,0.2,0.3,0.4,0.7
Wisconsin,93.8,0.5,4.3,0.4,0.8
Wisconsin,96.4,0.6,0.4,1.8,1.9
Wisconsin,97.9,0.3,0.4,0.9,0.8
Wisconsin,98.6,0.2,0.6,0.3,1.7
Wisconsin,97.6,1.1,0.4,0.4,1.6
Wisconsin,97.5,1.7,0.3,0.3,0.9
Wisconsin,89.2,4.3,0.4,4.4,4.3
Wisconsin,96,2.8,0.5,0.4,3
Wisconsin,98.1,0.3,0.8,0.4,1.1
Wisconsin,95.4,0.7,1.9,0.8,0.8
Wisconsin,96.4,0.4,0.3,2.2,0.8
Wisconsin,95.2,0.7,0.5,2.5,1.1
Wisconsin,98.8,0.3,0.3,0.3,0.5
Wisconsin,97,1.1,0.5,0.8,3
Wisconsin,86.9,1.4,11,0.3,1.5
Wisconsin,97.7,1,0.2,0.7,0.6
Wisconsin,98.6,0.4,0.1,0.3,1
Wisconsin,98.9,0.2,0.2,0.4,2
Wisconsin,98.9,0.3,0.1,0.3,0.8
Wisconsin,98,0.3,0.9,0.4,0.7
Wisconsin,91.1,2.3,6,0.2,2.4
Wisconsin,97.8,0.5,0.4,0.6,5.1
Wisconsin,95,2.2,1.6,0.6,1.9
Wisconsin,90.8,5.7,0.4,1.4,8.8
Wisconsin,98.9,0.2,0.3,0.2,1.6
Wisconsin,94.2,1.1,0.4,3.3,1
Wisconsin,99.2,0.2,0.1,0.3,0.8
Wisconsin,98.1,0.3,0.5,0.4,1
Wisconsin,98.1,0.5,0.5,0.6,1
Wisconsin,96.1,0.5,0.5,2.3,2.1
Wisconsin,93.7,0.4,0.4,4.9,1.1
Wisconsin,98.1,0.3,0.6,0.4,0.9
Wisconsin,98.3,0.7,0.4,0.3,1.7
Wisconsin,15.1,0.4,83.9,0.4,4.1
Wisconsin,68,26.3,0.8,3,10.5
Wisconsin,97,0.7,1,0.6,2.3
Wisconsin,97.8,0.2,0.9,0.3,0.8
Wisconsin,97.7,0.5,0.8,0.5,0.8
Wisconsin,94.2,0.8,1.6,2.5,2.4
Wisconsin,96.4,1.3,0.2,1.4,1.6
Wisconsin,98.9,0.3,0.2,0.3,0.5
Wisconsin,97.9,0.5,0.3,0.7,1
Wisconsin,97.7,0.3,1.1,0.3,0.8
Wisconsin,96,0.5,0.4,2.4,1.6
Wisconsin,98.8,0.1,0.6,0.3,0.8
Wisconsin,86.3,10.9,0.4,1,9.2
Wisconsin,98.7,0.3,0.2,0.3,1
Wisconsin,92.7,4.6,0.3,1.1,5.4
Wisconsin,98,0.7,0.5,0.6,0.8
Wisconsin,97.3,0.5,0.4,1.1,1.2
Wisconsin,97.8,0.3,0.9,0.4,2.2
Wisconsin,82.3,0.5,15.7,0.6,1.4
Wisconsin,91.7,0.3,6.6,0.5,1.5
Wisconsin,93.7,1.3,0.4,3.9,4.5
Wisconsin,99.1,0.1,0.2,0.3,1
Wisconsin,99.3,0.2,0.2,0.1,1.5
Wisconsin,99.2,0.1,0.2,0.2,0.8
Wisconsin,89.8,0.3,9,0.5,1
Wisconsin,97.5,0.8,0.3,0.8,8.2
Wisconsin,97.5,0.3,1,0.2,1
Wisconsin,97.5,0.7,0.3,0.9,1.6
Wisconsin,95.6,1.1,0.2,2.2,3
Wisconsin,98.5,0.2,0.4,0.3,1.9
Wisconsin,98,0.7,0.4,0.4,4.6
Wisconsin,95.5,1.3,0.5,1.9,2.5
Wisconsin,96.5,0.5,0.7,1.7,1.1
Wyoming,94.1,1.2,1,2.1,6.7
Wyoming,98,0.2,0.9,0.4,6.2
Wyoming,97,0.3,1.2,0.5,4.2
Wyoming,96.3,1,1.2,1,13
Wyoming,97.8,0.1,0.9,0.3,4.5
Wyoming,98.5,0.1,1.1,0.1,1.1
Wyoming,77.5,0.3,20.6,0.3,4.8
Wyoming,98.1,0.2,1,0.3,9
Wyoming,97,0.6,1.6,0.4,2.5
Wyoming,98.2,0.1,0.7,0.2,2.2
Wyoming,93.1,2.6,0.9,1.2,10.6
Wyoming,98.1,0.1,0.6,0.3,2.6
Wyoming,96.2,1,1.1,0.4,4.9
Wyoming,99,0.2,0.5,0.1,1.6
Wyoming,98.1,0.1,0.5,0.4,4
Wyoming,98.5,0.2,0.6,0.2,5.5
Wyoming,96.9,0.3,1.5,0.4,2.6
Wyoming,98.4,0.3,0.6,0.3,2.7
Wyoming,95.5,1.1,1.1,1,10.3
Wyoming,97.9,0.2,0.4,0.8,10.2
Wyoming,97.5,0.1,1.1,0.3,5.9
Wyoming,97.2,0.2,0.8,0.7,12.1
Wyoming,97.6,0.1,1.4,0.2,2.3
